Symbol,Name,Last Sale,Net Change,% Change,Market Cap,Country,IPO Year,Volume,Sector,Industry
A,Agilent Technologies Inc. Common Stock,$126.07,-0.30,-0.237%,36782293133.00,United States,1999,2091058,Industrials,Biotechnology: Laboratory Analytical Instruments
AAPL,Apple Inc. Common Stock,$227.82,1.48,0.654%,3493410561240.00,United States,1980,59085861,Technology,Computer Manufacturing
ABBV,AbbVie Inc. Common Stock,$166.52,-0.73,-0.436%,294052302892.00,United States,2012,3500155,Health Care,Biotechnology: Pharmaceutical Preparations
ABNB,Airbnb Inc. Class A Common Stock,$151.96,-0.54,-0.354%,97868898127.00,United States,2020,3228334,Finance,Diversified Commercial Services
ABT,Abbott Laboratories Common Stock,$102.12,-1.90,-1.827%,177651399469.00,United States,,4541958,Health Care,Biotechnology: Pharmaceutical Preparations
ACI,Albertsons Companies Inc. Class A Common Stock,$19.61,-0.12,-0.608%,11322964271.00,United States,2020,1667449,Consumer Staples,Food Chains
ACM,AECOM Common Stock,$83.42,-1.02,-1.208%,11355747708.00,United States,2007,765280,Consumer Discretionary,Military/Government/Technical
ADBE,Adobe Inc. Common Stock,$575.40,-2.94,-0.508%,255132360000.00,United States,1986,3007422,Technology,Computer Software: Prepackaged Software
ADI,Analog Devices Inc. Common Stock,$233.34,2.45,1.061%,115787241412.00,United States,,1729502,Technology,Semiconductors
ADM,Archer-Daniels-Midland Company Common Stock,$63.38,2.02,3.292%,31337467067.00,United States,,4534829,Consumer Staples,Packaged Foods
ADP,Automatic Data Processing Inc. Common Stock,$233.44,-2.12,-0.90%,95544968542.00,United States,,1448814,Technology,EDP Services
ADSK,Autodesk Inc. Common Stock,$247.96,0.09,0.036%,53559360000.00,United States,,1230197,Technology,Computer Software: Prepackaged Software
AEE,Ameren Corporation Common Stock,$70.71,0.26,0.369%,18856262146.00,United States,,1245481,Utilities,Power Generation
AEP,American Electric Power Company Inc. Common Stock,$87.11,-0.75,-0.854%,45917576426.00,United States,,2059146,Utilities,Electric Utilities: Central
AES,The AES Corporation Common Stock,$17.85,0.14,0.791%,12685399649.00,United States,,3802750,Utilities,Electric Utilities: Central
AFG,American Financial Group Inc. Common Stock,$120.90,1.25,1.045%,10139516915.00,United States,,366290,Finance,Property-Casualty Insurers
AFL,AFLAC Incorporated Common Stock,$88.52,-0.53,-0.595%,50299051008.00,United States,,1585310,Finance,Accident &Health Insurance
AGNCL,AGNC Investment Corp. Depositary Shares Each Representing a 1/1000th Interest in a Share of 7.75% Series G Fixed-Rate Reset Cumulative Redeemable Preferred Stock,$24.01,0.10,0.418%,17453570500.00,United States,,12406,Real Estate,Real Estate Investment Trusts
AGNCM,AGNC Investment Corp. Depositary Shares rep 6.875% Series D Fixed-to-Floating Cumulative Redeemable Preferred Stock,$25.10,-0.005,-0.02%,18245923347.00,United States,,7423,Real Estate,Real Estate Investment Trusts
AGNCN,AGNC Investment Corp. Depositary Shares Each Representing a 1/1000th Interest in a Share of 7.00% Series C Fixed-To-Floating Rate Cumulative Redeemable Preferred Stock,$25.47,-0.23,-0.895%,18514887157.00,United States,,33738,Real Estate,Real Estate Investment Trusts
AGNCO,AGNC Investment Corp. Depositary Shares each representing a 1/1000th interest in a share of 6.50% Series E Fixed-to-Floating Cumulative Redeemable Preferred Stock,$24.84,0.00,0.00%,18056921750.00,United States,,35761,Real Estate,Real Estate Investment Trusts
AGNCP,AGNC Investment Corp. Depositary Shares Each Representing a 1/1000th Interest in a Share of 6.125% Series F Fixed-to-Floating Rate Cumulative Redeemable Preferred Stock,$24.06,-0.14,-0.579%,17489916961.00,United States,,13385,Real Estate,Real Estate Investment Trusts
AGR,Avangrid Inc. Common Stock,$35.29,-0.05,-0.141%,13653921915.00,United States,2015,1093583,Utilities,Electric Utilities: Central
AIG,American International Group Inc. New Common Stock,$74.81,0.93,1.259%,49649003753.00,United States,,5068042,Finance,Life Insurance
AJG,Arthur J. Gallagher & Co. Common Stock,$264.54,-0.13,-0.049%,57801990000.00,United States,,722243,Finance,Specialty Insurers
AKAM,Akamai Technologies Inc. Common Stock,$92.94,2.47,2.73%,14156299971.00,United States,1999,1854030,Consumer Discretionary,Business Services
ALB,Albemarle Corporation Common Stock,$99.15,0.80,0.813%,11652848948.00,United States,,2194027,Industrials,Major Chemicals
ALGN,Align Technology Inc. Common Stock,$248.94,5.34,2.192%,18740623162.00,United States,2001,622551,Health Care,Industrial Specialties
ALL,Allstate Corporation (The) Common Stock,$159.54,1.11,0.701%,42105052067.00,United States,,1278743,Finance,Property-Casualty Insurers
ALLE,Allegion plc Ordinary Shares,$115.04,0.09,0.078%,10059177668.00,United States,2013,442681,Consumer Discretionary,Diversified Commercial Services
ALLY,Ally Financial Inc. Common Stock,$40.50,0.66,1.657%,12311239491.00,United States,2014,2289575,Finance,Major Banks
ALNY,Alnylam Pharmaceuticals Inc. Common Stock,$255.11,4.08,1.625%,32269317486.00,United States,2004,936733,Health Care,Biotechnology: Pharmaceutical Preparations
AMAT,Applied Materials Inc. Common Stock,$246.29,3.70,1.525%,203921920388.00,United States,1972,3782098,Technology,Semiconductors
AMD,Advanced Micro Devices Inc. Common Stock,$178.69,6.79,3.95%,288819125609.00,United States,,60223422,Technology,Semiconductors
AME,AMETEK Inc.,$164.50,-1.15,-0.694%,38076746075.00,United States,,1903703,Industrials,Industrial Machinery/Components
AMGN,Amgen Inc. Common Stock,$311.46,0.58,0.187%,167077949170.00,United States,1983,1167252,Health Care,Biotechnology: Biological Products (No Diagnostic Substances)
AMH,American Homes 4 Rent Common Shares of Beneficial Interest,$37.40,-0.05,-0.134%,13700444520.00,United States,2013,1334558,Real Estate,Real Estate Investment Trusts
AMKR,Amkor Technology Inc. Common Stock,$40.75,0.69,1.722%,10031437728.00,United States,1998,1165420,Technology,Semiconductors
AMP,Ameriprise Financial Inc. Common Stock,$427.06,-5.09,-1.178%,42417701616.00,United States,,476747,Finance,Investment Managers
AMT,American Tower Corporation (REIT) Common Stock,$196.17,0.53,0.271%,91606489477.00,United States,,1508837,Real Estate,Real Estate Investment Trusts
AMZN,Amazon.com Inc. Common Stock,$199.29,-0.71,-0.355%,2073936777535.00,United States,1997,34767261,Consumer Discretionary,Catalog/Specialty Distribution
ANET,Arista Networks Inc. Common Stock,$371.07,4.93,1.346%,116279644404.00,United States,2014,1562611,Telecommunications,Computer Communications Equipment
ANSS,ANSYS Inc. Common Stock,$327.64,-3.61,-1.09%,28602965775.00,United States,1996,446287,Technology,Computer Software: Prepackaged Software
AON,Aon plc Class A Ordinary Shares (Ireland),$298.11,2.25,0.76%,64818283565.00,United States,,1199801,Finance,Specialty Insurers
AOS,A.O. Smith Corporation Common Stock,$81.06,0.58,0.721%,11889079684.00,United States,,726781,Consumer Discretionary,Consumer Electronics/Appliances
APA,APA Corporation Common Stock,$28.84,0.24,0.839%,10705187201.00,United States,,2914287,Energy,Oil & Gas Production
APD,Air Products and Chemicals Inc. Common Stock,$254.90,2.23,0.883%,56665775694.00,United States,,1182063,Industrials,Major Chemicals
APG,APi Group Corporation Common Stock,$36.73,-0.16,-0.434%,10074560812.00,United States,2020,750641,Consumer Discretionary,Engineering & Construction
APH,Amphenol Corporation Common Stock,$67.99,-0.02,-0.029%,81670124713.00,United States,,4936056,Technology,Electrical Products
APO,Apollo Global Management Inc. (New) Common Stock,$115.92,-2.82,-2.375%,65704517016.00,United States,,2128458,Finance,Investment Managers
APOS,Apollo Global Management Inc. 7.625% Fixed-Rate Resettable Junior Subordinated Notes due 2053,$26.50,-0.04,-0.151%,15078603933.00,United States,1987,20454,Finance,Investment Managers
APP,Applovin Corporation Class A Common Stock,$85.18,-1.62,-1.866%,28025384240.00,United States,2021,2932270,Technology,Computer Software: Programming Data Processing
AQNB,Algonquin Power & Utilities Corp. 6.20% Fixed-to-Floating Subordinated Notes Series 2019-A due July 1 2079,$25.3001,-0.0599,-0.236%,17450154255.00,United States,2019,6335,Utilities,Electric Utilities: Central
AR,Antero Resources Corporation Common Stock,$32.80,0.19,0.583%,10194469600.00,United States,2013,1963088,Energy,Oil & Gas Production
ARCC,Ares Capital Corporation Common Stock,$21.15,0.05,0.237%,12854199167.00,United States,2004,2208693,Finance,Finance: Consumer Services
ARE,Alexandria Real Estate Equities Inc. Common Stock,$116.65,-0.15,-0.128%,20400118048.00,United States,,429877,Real Estate,Real Estate Investment Trusts
ARES,Ares Management Corporation Class A Common Stock,$135.77,-2.49,-1.801%,42063561506.00,United States,2014,746380,Finance,Investment Managers
ASBA,Associated Banc-Corp 6.625% Fixed-Rate Reset Subordinated Notes due 2033,$22.77,-0.11,-0.481%,17238660413.00,United States,2023,11629,Finance,Major Banks
ATO,Atmos Energy Corporation Common Stock,$114.08,-0.54,-0.471%,17212054548.00,United States,,867600,Utilities,Oil/Gas Transmission
AVB,AvalonBay Communities Inc. Common Stock,$203.12,-0.15,-0.074%,28880798586.00,United States,,802493,Real Estate,Real Estate Investment Trusts
AVGO,Broadcom Inc. Common Stock,$1745.86,42.55,2.498%,812677532632.00,United States,2009,3639846,Technology,Semiconductors
AVTR,Avantor Inc. Common Stock,$20.94,-0.09,-0.428%,14223836804.00,United States,2019,3895937,Industrials,Biotechnology: Laboratory Analytical Instruments
AVY,Avery Dennison Corporation Common Stock,$215.10,-0.94,-0.435%,17327025370.00,United States,,708085,Consumer Discretionary,Containers/Packaging
AWK,American Water Works Company Inc. Common Stock,$129.92,-0.09,-0.069%,25311347905.00,United States,2008,874614,Utilities,Water Supply
AXON,Axon Enterprise Inc. Common Stock,$302.48,4.10,1.374%,22827324706.00,United States,2001,372076,Industrials,Ordnance And Accessories
AXP,American Express Company Common Stock,$234.51,-1.12,-0.475%,168683758959.00,United States,,2638572,Finance,Finance: Consumer Services
AZO,AutoZone Inc. Common Stock,$2836.40,21.40,0.76%,48453682284.00,United States,,99871,Consumer Discretionary,Auto & Home Supply Stores
AZPN,Aspen Technology Inc. Common Stock,$198.89,0.73,0.368%,12595276683.00,United States,,180242,Technology,EDP Services
BA,Boeing Company (The) Common Stock,$185.84,1.01,0.546%,114084244188.00,United States,,9878141,Industrials,Aerospace
BAC,Bank of America Corporation Common Stock,$40.62,0.21,0.52%,317663441789.00,United States,,26728504,Finance,Major Banks
BAH,Booz Allen Hamilton Holding Corporation Common Stock,$153.70,0.91,0.596%,19876559006.00,United States,2010,490670,Consumer Discretionary,Professional Services
BALL,Ball Corporation Common Stock,$59.92,0.28,0.469%,18597834900.00,United States,,1336577,Industrials,Containers/Packaging
BAX,Baxter International Inc. Common Stock,$33.61,-1.30,-3.724%,17126990186.00,United States,,7364069,Health Care,Medical/Dental Instruments
BBY,Best Buy Co. Inc. Common Stock,$85.51,3.06,3.711%,18445683105.00,United States,,4763097,Consumer Discretionary,Consumer Electronics/Video Chains
BDX,Becton Dickinson and Company Common Stock,$225.54,-2.22,-0.975%,65182517214.00,United States,,826412,Health Care,Medical/Dental Instruments
BEN,Franklin Resources Inc. Common Stock,$22.14,0.05,0.226%,11647661426.00,United States,,3207118,Finance,Investment Managers
BEPC,Brookfield Renewable Corporation Class A Subordinate Voting Shares ,$29.09,0.24,0.832%,10882934516.00,United States,2020,558738,Utilities,Electric Utilities: Central
BG,Bunge Limited Common Shares,$110.39,1.80,1.658%,15630683862.00,United States,,1253926,Consumer Staples,Packaged Foods
BIIB,Biogen Inc. Common Stock,$228.07,2.42,1.072%,33206283843.00,United States,,535613,Health Care,Biotechnology: Biological Products (No Diagnostic Substances)
BJ,BJ's Wholesale Club Holdings Inc. Common Stock,$87.79,-0.18,-0.205%,11650530045.00,United States,2018,1225260,Consumer Discretionary,Department/Specialty Retail Stores
BK,The Bank of New York Mellon Corporation Common Stock,$59.54,-0.34,-0.568%,44524954816.00,United States,,3977598,Finance,Major Banks
BKDT,Brookdale Senior Living Inc. 7.00% Tangible Equity Units,$100.46,0.20,0.199%,19390041878.00,United States,2022,100,Health Care,Hospital/Nursing Management
BKNG,Booking Holdings Inc. Common Stock,$3984.63,54.48,1.386%,135188681756.00,United States,,159576,Consumer Discretionary,Transportation Services
BKR,Baker Hughes Company Class A Common Stock,$34.17,-0.05,-0.146%,34101579154.00,United States,,4252877,Industrials,Metal Fabrications
BLD,TopBuild Corp. Common Stock,$385.53,8.67,2.301%,12266681351.00,United States,2015,406936,Consumer Discretionary,Engineering & Construction
BLDR,Builders FirstSource Inc. Common Stock,$134.49,1.89,1.425%,16415468659.00,United States,2005,1475093,Consumer Discretionary,RETAIL: Building Materials
BLK,BlackRock Inc. Common Stock,$790.19,-0.41,-0.052%,117422218986.00,United States,1999,529582,Finance,Investment Bankers/Brokers/Service
BMRN,BioMarin Pharmaceutical Inc. Common Stock,$82.68,1.23,1.51%,15699262112.00,United States,1999,1443432,Health Care,Biotechnology: Pharmaceutical Preparations
BMY,Bristol-Myers Squibb Company Common Stock,$39.99,0.33,0.832%,81063732839.00,United States,,13372696,Health Care,Biotechnology: Pharmaceutical Preparations
BR,Broadridge Financial Solutions Inc. Common Stock,$201.77,-0.35,-0.173%,23845274844.00,United States,,389065,Consumer Discretionary,Business Services
BRK/A,Berkshire Hathaway Inc.,$614425.00,-4120.00,-0.666%,903741757450.00,United States,,2761,,
BRK/B,Berkshire Hathaway Inc.,$409.08,-2.09,-0.508%,902557855649.00,United States,,3559529,,
BRO,Brown & Brown Inc. Common Stock,$90.57,0.05,0.055%,25835025659.00,United States,,623254,Finance,Specialty Insurers
BSX,Boston Scientific Corporation Common Stock,$76.11,-0.29,-0.38%,111895387851.00,United States,,4537746,Health Care,Medical/Dental Instruments
BSY,Bentley Systems Incorporated Class B Common Stock,$49.35,-0.13,-0.263%,14805010364.00,United States,2020,999629,Technology,Computer Software: Prepackaged Software
BURL,Burlington Stores Inc. Common Stock,$238.54,2.86,1.214%,15225059049.00,United States,2013,574338,Consumer Discretionary,Department/Specialty Retail Stores
BX,Blackstone Inc. Common Stock,$120.77,-1.95,-1.589%,86307796816.00,United States,2007,2270592,Finance,Investment Managers
C,Citigroup Inc. Common Stock,$64.74,0.71,1.109%,123487640546.00,United States,,10348972,Finance,Major Banks
CAG,ConAgra Brands Inc. Common Stock,$28.40,0.16,0.567%,13576982072.00,United States,,4549540,Consumer Staples,Packaged Foods
CAH,Cardinal Health Inc. Common Stock,$96.88,0.99,1.032%,23596766310.00,United States,,2293381,Health Care,Other Pharmaceuticals
CARR,Carrier Global Corporation Common Stock ,$63.13,-0.11,-0.174%,56880918557.00,United States,2020,2123774,Industrials,Industrial Machinery/Components
CASY,Casey's General Stores Inc. Common Stock,$367.57,-1.79,-0.485%,13641058249.00,United States,1983,212841,Consumer Discretionary,Retail-Auto Dealers and Gas Stations
CAT,Caterpillar Inc. Common Stock,$329.06,0.71,0.216%,161000147055.00,United States,,1913367,Industrials,Construction/Ag Equipment/Trucks
CAVA,CAVA Group Inc. Common Stock,$94.74,-0.25,-0.263%,10803034794.00,United States,2023,2882068,Consumer Discretionary,Restaurants
CBRE,CBRE Group Inc Common Stock Class A,$88.36,1.15,1.319%,27111006016.00,United States,,1093607,Finance,Real Estate
CCI,Crown Castle Inc. Common Stock,$96.62,0.55,0.572%,41983633903.00,United States,,1784127,Real Estate,Real Estate Investment Trusts
CCL,Carnival Corporation Common Stock,$17.56,0.35,2.034%,23005917551.00,United States,1987,29603549,Consumer Discretionary,Marine Transportation
CDNS,Cadence Design Systems Inc. Common Stock,$317.36,-3.75,-1.168%,86364446240.00,United States,,1010411,Technology,Computer Software: Prepackaged Software
CDW,CDW Corporation Common Stock,$216.87,0.57,0.264%,29146824862.00,United States,2013,1017657,Consumer Discretionary,Catalog/Specialty Distribution
CE,Celanese Corporation Common Stock,$133.99,1.81,1.369%,14634368505.00,United States,2005,864906,Industrials,Major Chemicals
CEG,Constellation Energy Corporation Common Stock ,$215.73,4.44,2.101%,68005614191.00,United States,,1634597,Utilities,Electric Utilities: Central
CELH,Celsius Holdings Inc. Common Stock,$56.06,-1.16,-2.027%,13066537846.00,United States,,4040354,Consumer Staples,Beverages (Production/Distribution)
CET,Central Securities Corporation Common Stock,$44.18,-0.05,-0.113%,10692673336.00,United States,1951,13293,Finance,Finance/Investors Services
CF,CF Industries Holdings Inc. Common Stock,$69.38,-0.76,-1.084%,12681427232.00,United States,2005,1830702,Industrials,Agricultural Chemicals
CFG,Citizens Financial Group Inc. Common Stock,$35.55,0.31,0.88%,16175959969.00,United States,2014,5211247,Finance,Major Banks
CG,The Carlyle Group Inc. Common Stock,$40.49,0.20,0.496%,14571561324.00,United States,2012,1934189,Finance,Investment Managers
CHD,Church & Dwight Company Inc. Common Stock,$105.58,-1.01,-0.948%,25816733694.00,United States,,1378744,Consumer Discretionary,Package Goods/Cosmetics
CHDN,Churchill Downs Incorporated Common Stock,$138.67,-0.90,-0.645%,10192929752.00,United States,,348076,Consumer Discretionary,Services-Misc. Amusement & Recreation
CHK,Chesapeake Energy Corporation Common Stock,$82.60,0.29,0.352%,10824603044.00,United States,,1158580,Energy,Oil & Gas Production
CHRW,C.H. Robinson Worldwide Inc. Common Stock,$86.62,0.13,0.15%,10142745339.00,United States,1997,1043194,Consumer Discretionary,Oil Refining/Marketing
CHTR,Charter Communications Inc. Class A Common Stock New,$290.56,-11.23,-3.721%,41849355638.00,United States,,1249026,Telecommunications,Cable & Other Pay Television Services
CHWY,Chewy Inc. Class A Common Stock,$24.80,-0.18,-0.721%,10810569389.00,United States,2019,8311032,Consumer Discretionary,Catalog/Specialty Distribution
CI,The Cigna Group Common Stock,$323.78,4.66,1.46%,91977480044.00,United States,,1753494,Health Care,Medical Specialities
CINF,Cincinnati Financial Corporation Common Stock,$116.68,0.98,0.847%,18267235395.00,United States,,390728,Finance,Property-Casualty Insurers
CL,Colgate-Palmolive Company Common Stock,$97.58,0.53,0.546%,80058643904.00,United States,,2857335,Consumer Discretionary,Package Goods/Cosmetics
CLH,Clean Harbors Inc. Common Stock,$223.19,0.61,0.274%,12037780326.00,United States,,331686,Industrials,Environmental Services
CLX,Clorox Company (The) Common Stock,$132.85,-0.37,-0.278%,16498400776.00,United States,,1105000,Consumer Discretionary,Specialty Chemicals
CMCSA,Comcast Corporation Class A Common Stock,$37.33,-0.53,-1.40%,146468960372.00,United States,,17617745,Telecommunications,Cable & Other Pay Television Services
CME,CME Group Inc. Class A Common Stock,$194.97,-1.43,-0.728%,70201945384.00,United States,2002,2375947,Finance,Investment Bankers/Brokers/Service
CMG,Chipotle Mexican Grill Inc. Common Stock,$59.51,-3.24,-5.163%,81728058500.00,United States,2006,24496574,Consumer Discretionary,Restaurants
CMI,Cummins Inc. Common Stock,$269.62,2.99,1.121%,36878589898.00,United States,,695063,Industrials,Industrial Machinery/Components
CMS,CMS Energy Corporation Common Stock,$58.70,-0.23,-0.39%,17529899624.00,United States,,1980935,Utilities,Power Generation
CNA,CNA Financial Corporation Common Stock,$44.97,0.22,0.492%,12199551990.00,United States,,218026,Finance,Property-Casualty Insurers
CNC,Centene Corporation Common Stock,$66.19,-0.18,-0.271%,35322690640.00,United States,,2750010,Health Care,Medical Specialities
CNM,Core & Main Inc. Class A Common Stock,$49.73,1.38,2.854%,10018567160.00,United States,2021,1554333,Consumer Discretionary,Durable Goods
CNP,CenterPoint Energy Inc (Holding Co) Common Stock,$30.32,-0.17,-0.558%,19396436016.00,United States,,5403959,Utilities,Electric Utilities: Central
COF,Capital One Financial Corporation Common Stock,$135.81,-0.19,-0.14%,51868835919.00,United States,1994,2298779,Finance,Major Banks
COHR,Coherent Corp. Common Stock,$76.55,1.99,2.669%,11670890545.00,United States,,2165156,Technology,Electronic Components
COIN,Coinbase Global Inc. Class A Common Stock,$220.56,-3.12,-1.395%,54162685627.00,United States,,5615247,Finance,Finance: Consumer Services
COKE,Coca-Cola Consolidated Inc. Common Stock,$1089.25,11.72,1.088%,10210290743.00,United States,1972,45172,Consumer Staples,Beverages (Production/Distribution)
COO,The Cooper Companies Inc. Common Stock,$85.65,-0.25,-0.291%,17054617722.00,United States,,1117334,Health Care,Ophthalmic Goods
COP,ConocoPhillips Common Stock,$112.23,-0.32,-0.284%,131256798126.00,United States,,4199597,Energy,Integrated oil Companies
COR,Cencora Inc. Common Stock,$223.69,1.01,0.454%,44615371129.00,United States,,767708,Health Care,Other Pharmaceuticals
COST,Costco Wholesale Corporation Common Stock,$880.84,-4.83,-0.545%,390507222540.00,United States,,1611317,Consumer Discretionary,Department/Specialty Retail Stores
CPAY,Corpay Inc. Common Stock,$271.56,1.08,0.399%,19082115489.00,United States,,431151,Consumer Discretionary,Business Services
CPB,Campbell Soup Company Common Stock,$45.02,-0.10,-0.222%,13440895903.00,United States,,1985842,Consumer Staples,Packaged Foods
CPNG,Coupang Inc. Class A Common Stock,$21.41,-0.26,-1.20%,38280819183.00,United States,2021,5388054,Consumer Discretionary,Catalog/Specialty Distribution
CPRT,Copart Inc. (DE) Common Stock,$54.79,0.57,1.051%,52724285668.00,United States,1994,2894425,Consumer Discretionary,Retail-Auto Dealers and Gas Stations
CPT,Camden Property Trust Common Stock,$108.03,0.31,0.288%,11508996468.00,United States,1993,403848,Real Estate,Real Estate Investment Trusts
CQP,Cheniere Energy Partners LP Common Units,$49.40,0.56,1.147%,23911606776.00,United States,2007,58950,Utilities,Oil/Gas Transmission
CRBG,Corebridge Financial Inc. Common Stock,$29.03,0.28,0.974%,17755926908.00,United States,2022,2843061,Finance,Life Insurance
CRL,Charles River Laboratories International Inc. Common Stock,$202.46,2.80,1.402%,10429056150.00,United States,2000,456192,Health Care,Biotechnology: Commercial Physical & Biological Resarch
CRM,Salesforce Inc. Common Stock,$257.37,-5.82,-2.211%,249391530000.00,United States,2004,6539287,Technology,Computer Software: Prepackaged Software
CRWD,CrowdStrike Holdings Inc. Class A Common Stock,$390.71,1.03,0.264%,95083435264.00,United States,2019,2976524,Technology,Computer Software: Prepackaged Software
CSCO,Cisco Systems Inc. Common Stock (DE),$46.06,-0.59,-1.265%,185567208583.00,United States,1990,19320860,Telecommunications,Computer Communications Equipment
CSGP,CoStar Group Inc. Common Stock,$72.63,-0.52,-0.711%,29657903137.00,United States,1998,1850689,Consumer Discretionary,Business Services
CSL,Carlisle Companies Incorporated Common Stock,$410.13,3.18,0.781%,19522943459.00,United States,,207188,Industrials,Specialty Chemicals
CSX,CSX Corporation Common Stock,$33.39,0.09,0.27%,65275017939.00,United States,,7970855,Industrials,Railroads
CTAS,Cintas Corporation Common Stock,$711.035,-0.685,-0.096%,72143921253.00,United States,1983,386813,Consumer Discretionary,Apparel
CTLT,Catalent Inc. Common Stock,$57.11,0.38,0.67%,10335759176.00,United States,2014,1245747,Health Care,Biotechnology: Pharmaceutical Preparations
CTRA,Coterra Energy Inc. Common Stock,$26.57,0.34,1.296%,19774268817.00,United States,,4491273,Energy,Oil & Gas Production
CTSH,Cognizant Technology Solutions Corporation Class A Common Stock,$67.55,-0.45,-0.662%,33585783533.00,United States,1998,2264323,Technology,EDP Services
CTVA,Corteva Inc. Common Stock ,$51.72,-0.72,-1.373%,36047598720.00,United States,2019,2996863,Consumer Staples,Farming/Seeds/Milling
CUBE,CubeSmart Common Shares,$44.67,0.10,0.224%,10049515455.00,United States,,720320,Real Estate,Real Estate Investment Trusts
CUK,Carnival Plc ADS ADS,$16.12,0.30,1.896%,21119327501.00,United States,,2396212,Consumer Discretionary,Marine Transportation
CVNA,Carvana Co. Class A Common Stock,$122.32,-5.73,-4.475%,24777961068.00,United States,2017,3725768,Consumer Discretionary,Retail-Auto Dealers and Gas Stations
CVS,CVS Health Corporation Common Stock,$56.89,0.27,0.477%,71418168377.00,United States,,5908211,Consumer Staples,Retail-Drug Stores and Proprietary Stores
CVX,Chevron Corporation Common Stock,$154.33,0.02,0.013%,285048904063.00,United States,,4990726,Energy,Integrated oil Companies
CW,Curtiss-Wright Corporation Common Stock,$272.61,1.37,0.505%,10440632869.00,United States,,170730,Technology,Industrial Machinery/Components
D,Dominion Energy Inc. Common Stock,$49.33,0.22,0.448%,41348933091.00,United States,,3086108,Utilities,Electric Utilities: Central
DAL,Delta Air Lines Inc. Common Stock,$46.35,0.33,0.717%,29910224317.00,United States,,7403961,Consumer Discretionary,Air Freight/Delivery Services
DASH,DoorDash Inc. Class A Common Stock,$109.04,-1.92,-1.73%,44588028466.00,United States,,2636641,Consumer Discretionary,Business Services
DD,DuPont de Nemours Inc. Common Stock,$79.47,0.48,0.608%,33226755873.00,United States,2017,1500310,Industrials,Major Chemicals
DDOG,Datadog Inc. Class A Common Stock,$132.40,-2.16,-1.605%,44287642709.00,United States,2019,3769869,Technology,Computer Software: Prepackaged Software
DE,Deere & Company Common Stock,$355.00,-5.03,-1.397%,97827462890.00,United States,,1671607,Industrials,Industrial Machinery/Components
DECK,Deckers Outdoor Corporation Common Stock,$952.70,13.38,1.424%,24239064987.00,United States,1993,303605,Consumer Discretionary,Shoe Manufacturing
DELL,Dell Technologies Inc. Class C Common Stock ,$145.97,7.01,5.045%,103537124294.00,United States,2018,12355619,Technology,Computer Manufacturing
DFS,Discover Financial Services Common Stock,$128.86,-0.03,-0.023%,32292191908.00,United States,,1290514,Finance,Finance: Consumer Services
DG,Dollar General Corporation Common Stock,$130.12,1.92,1.498%,28612692118.00,United States,2009,1874215,Consumer Discretionary,Department/Specialty Retail Stores
DGX,Quest Diagnostics Incorporated Common Stock,$138.92,-1.53,-1.089%,15432841460.00,United States,,642490,Health Care,Medical Specialities
DHI,D.R. Horton Inc. Common Stock,$136.18,0.62,0.457%,44845741933.00,United States,,1666126,Consumer Discretionary,Homebuilding
DHR,Danaher Corporation Common Stock,$240.65,1.40,0.585%,178246216092.00,United States,,2489795,Industrials,Industrial Machinery/Components
DIS,Walt Disney Company (The) Common Stock,$97.37,-0.62,-0.633%,177509699442.00,United States,,8167589,Consumer Discretionary,Services-Misc. Amusement & Recreation
DKNG,DraftKings Inc. Class A Common Stock,$37.59,0.52,1.403%,17901248620.00,United States,2019,7395088,Consumer Discretionary,Services-Misc. Amusement & Recreation
DKS,Dick's Sporting Goods Inc Common Stock,$201.08,-0.22,-0.109%,16386040367.00,United States,2002,936320,Consumer Discretionary,Other Specialty Stores
DLR,Digital Realty Trust Inc. Common Stock,$153.66,2.22,1.466%,48007473507.00,United States,2004,1149357,Real Estate,Real Estate Investment Trusts
DLTR,Dollar Tree Inc. Common Stock,$106.72,0.04,0.037%,22938823680.00,United States,1995,1437237,Consumer Discretionary,Department/Specialty Retail Stores
DOC,Healthpeak Properties Inc. Common Stock,$19.63,-0.10,-0.507%,13815231159.00,United States,,4478859,Real Estate,Real Estate Investment Trusts
DOCU,DocuSign Inc. Common Stock,$53.83,-0.63,-1.157%,11019881336.00,United States,1989,1579430,Technology,Computer Software: Prepackaged Software
DOV,Dover Corporation Common Stock,$176.49,-0.19,-0.108%,24255048938.00,United States,,705788,Industrials,Industrial Machinery/Components
DOW,Dow Inc. Common Stock ,$52.80,0.57,1.091%,37129267824.00,United States,2019,3885612,Industrials,Major Chemicals
DPZ,Domino's Pizza Inc Common Stock,$500.33,6.60,1.337%,17451618972.00,United States,2004,614328,Consumer Discretionary,Food Distributors
DRI,Darden Restaurants Inc. Common Stock,$144.79,-0.43,-0.296%,17281981936.00,United States,,910710,Consumer Discretionary,Restaurants
DT,Dynatrace Inc. Common Stock,$45.29,0.60,1.343%,13466471172.00,United States,2019,1853626,Technology,Computer Software: Prepackaged Software
DTE,DTE Energy Company Common Stock,$109.01,-0.76,-0.692%,22558228968.00,United States,,972113,Utilities,Electric Utilities: Central
DUK,Duke Energy Corporation (Holding Company) Common Stock,$100.64,0.08,0.08%,77670793112.00,United States,,2535169,Utilities,Power Generation
DUKB,Duke Energy Corporation 5.625% Junior Subordinated Debentures due 2078,$25.06,-0.10,-0.397%,19340521417.00,United States,2018,11826,Utilities,Power Generation
DVA,DaVita Inc. Common Stock,$137.38,0.93,0.682%,12048226000.00,United States,,564286,Health Care,Misc Health and Biotechnology Services
DVN,Devon Energy Corporation Common Stock,$46.52,-0.51,-1.084%,29400640000.00,United States,1985,11872578,Energy,Oil & Gas Production
DXCM,DexCom Inc. Common Stock,$110.97,-2.72,-2.392%,44130975392.00,United States,2005,1648272,Health Care,Medical/Dental Instruments
EA,Electronic Arts Inc. Common Stock,$139.65,1.39,1.005%,37199788108.00,United States,,1568930,Technology,Computer Software: Prepackaged Software
EBAY,eBay Inc. Common Stock,$52.79,-0.08,-0.151%,26711740000.00,United States,1998,3875776,Consumer Discretionary,Business Services
ECCF,Eagle Point Credit Company Inc. 8.00% Series F Term Preferred Stock due 2029,$24.9001,0.0401,0.161%,27108062284.00,United States,,4075,,
ECL,Ecolab Inc. Common Stock,$242.88,4.69,1.969%,69359186952.00,United States,,1548567,Consumer Discretionary,Package Goods/Cosmetics
ED,Consolidated Edison Inc. Common Stock,$88.42,-0.85,-0.952%,30578705147.00,United States,,1169376,Utilities,Power Generation
EDR,Endeavor Group Holdings Inc. Class A Common Stock,$27.40,-0.02,-0.073%,18984592790.00,United States,2021,1860057,Consumer Discretionary,Services-Misc. Amusement & Recreation
EFX,Equifax Inc. Common Stock,$241.30,-0.94,-0.388%,29827409103.00,United States,,483657,Finance,Finance: Consumer Services
EIX,Edison International Common Stock,$71.57,-0.83,-1.146%,27536776504.00,United States,,2380434,Utilities,Electric Utilities: Central
EL,Estee Lauder Companies Inc. (The) Common Stock,$106.50,0.15,0.141%,38187059610.00,United States,1995,2120910,Consumer Discretionary,Package Goods/Cosmetics
ELF,e.l.f. Beauty Inc. Common Stock,$203.08,2.84,1.418%,11360108366.00,United States,2016,878947,Consumer Discretionary,Package Goods/Cosmetics
ELS,Equity Lifestyle Properties Inc. Common Stock,$63.73,-0.27,-0.422%,11885381222.00,United States,,1045461,Real Estate,Real Estate Investment Trusts
ELV,Elevance Health Inc. Common Stock,$526.55,-3.76,-0.709%,122379627869.00,United States,,658859,Health Care,Medical Specialities
EME,EMCOR Group Inc. Common Stock,$363.84,1.30,0.359%,17099112325.00,United States,,300973,Industrials,Engineering & Construction
EMN,Eastman Chemical Company Common Stock,$95.75,1.25,1.323%,11264939529.00,United States,,688601,Industrials,Major Chemicals
EMR,Emerson Electric Company Common Stock,$109.97,0.51,0.466%,62913837000.00,United States,,1511043,Technology,Consumer Electronics/Appliances
ENPH,Enphase Energy Inc. Common Stock,$102.81,5.67,5.837%,13988609991.00,United States,2012,3542872,Technology,Semiconductors
ENTG,Entegris Inc. Common Stock,$141.52,2.41,1.732%,21340009825.00,United States,2000,1187558,Industrials,Plastic Products
EOG,EOG Resources Inc. Common Stock,$125.63,0.69,0.552%,72200894437.00,United States,,2631981,Energy,Oil & Gas Production
EPAM,EPAM Systems Inc. Common Stock,$186.13,1.99,1.081%,10790769674.00,United States,2012,330263,Technology,EDP Services
EPD,Enterprise Products Partners L.P. Common Stock,$29.13,0.12,0.414%,63257494852.00,United States,,2705376,Utilities,Natural Gas Distribution
EQH,Equitable Holdings Inc. Common Stock,$40.38,-0.04,-0.099%,13133374606.00,United States,2018,2404320,Finance,Specialty Insurers
EQIX,Equinix Inc. Common Stock REIT,$756.92,2.43,0.322%,71836048179.00,United States,2000,292042,Real Estate,Real Estate Investment Trusts
EQR,Equity Residential Common Shares of Beneficial Interest,$67.99,0.12,0.177%,25766306212.00,United States,,1347286,Real Estate,Real Estate Investment Trusts
EQT,EQT Corporation Common Stock,$36.38,0.06,0.165%,16065116960.00,United States,,3571247,Energy,Oil & Gas Production
ERIE,Erie Indemnity Company Class A Common Stock,$369.09,2.91,0.795%,17048861335.00,United States,,56734,Finance,Specialty Insurers
ES,Eversource Energy (D/B/A) Common Stock,$57.31,0.04,0.07%,20187747690.00,United States,,1535572,Utilities,Electric Utilities: Central
ESS,Essex Property Trust Inc. Common Stock,$273.10,0.86,0.316%,17535494013.00,United States,1994,275690,Real Estate,Real Estate Investment Trusts
ESTC,Elastic N.V. Ordinary Shares,$115.72,0.85,0.74%,11770481208.00,United States,2018,1080988,Technology,Computer Software: Prepackaged Software
ET,Energy Transfer LP Common Units ,$16.09,-0.09,-0.556%,54223675187.00,United States,,8250090,Utilities,Natural Gas Distribution
ETR,Entergy Corporation Common Stock,$104.75,-0.62,-0.588%,22367994046.00,United States,,1868998,Utilities,Electric Utilities: Central
EVRG,Evergy Inc. Common Stock,$52.90,0.08,0.151%,12163250236.00,United States,,1539210,Utilities,Power Generation
EW,Edwards Lifesciences Corporation Common Stock,$91.84,-0.48,-0.52%,55342784000.00,United States,,1941280,Health Care,Industrial Specialties
EXC,Exelon Corporation Common Stock,$34.24,-0.07,-0.204%,34240860246.00,United States,,5002649,Utilities,Power Generation
EXPD,Expeditors International of Washington Inc. Common Stock,$119.91,-3.54,-2.868%,16937556818.00,United States,,967325,Consumer Discretionary,Oil Refining/Marketing
EXPE,Expedia Group Inc. Common Stock,$125.50,1.89,1.529%,16659841245.00,United States,,1496509,Consumer Discretionary,Transportation Services
EXR,Extra Space Storage Inc Common Stock,$154.57,0.21,0.136%,32726371274.00,United States,2004,462017,Real Estate,Real Estate Investment Trusts
F,Ford Motor Company Common Stock,$12.98,0.14,1.09%,51820536298.00,United States,,44346152,Consumer Discretionary,Auto Manufacturing
FANG,Diamondback Energy Inc. Common Stock,$203.35,-0.18,-0.088%,36266198106.00,United States,2012,774944,Energy,Oil & Gas Production
FAST,Fastenal Company Common Stock,$62.83,-0.33,-0.522%,35973156221.00,United States,1987,4041313,Consumer Discretionary,RETAIL: Building Materials
FCNCA,First Citizens BancShares Inc. Class A Common Stock,$1685.92,-6.63,-0.392%,24495970831.00,United States,,41254,Finance,Major Banks
FCX,Freeport-McMoRan Inc. Common Stock,$51.13,-0.39,-0.757%,73447732524.00,United States,,9030843,Basic Materials,Metal Mining
FDS,FactSet Research Systems Inc. Common Stock,$417.87,-5.54,-1.308%,15895770203.00,United States,2000,237280,Technology,Computer Software: Programming Data Processing
FDX,FedEx Corporation Common Stock,$295.53,1.53,0.52%,72724244048.00,United States,,1532993,Consumer Discretionary,Air Freight/Delivery Services
FE,FirstEnergy Corp. Common Stock,$38.59,0.01,0.026%,22209180654.00,United States,,2012350,Utilities,Electric Utilities: Central
FFIV,F5 Inc. Common Stock,$173.14,1.51,0.88%,10147982990.00,United States,1999,368584,Telecommunications,Computer Communications Equipment
FI,Fiserv Inc. Common Stock,$150.98,0.47,0.312%,88338680786.00,United States,,2461056,Consumer Discretionary,Business Services
FICO,Fair Isaac Corproation Common Stock,$1530.06,-21.49,-1.385%,37809217796.00,United States,,161706,Consumer Discretionary,Business Services
FIS,Fidelity National Information Services Inc. Common Stock,$74.85,-0.57,-0.756%,41635420808.00,United States,,2049015,Consumer Discretionary,Business Services
FITB,Fifth Third Bancorp Common Stock,$36.23,0.22,0.611%,24782938865.00,United States,,2840978,Finance,Major Banks
FITBI,Fifth Third Bancorp Depositary Shares,$25.61,-0.10,-0.389%,17518384332.00,United States,,14967,Finance,Major Banks
FITBO,Fifth Third Bancorp Depositary Shares each representing a 1/1000th ownership interest in a share of Non-Cumulative Perpetual Preferred Stock Series K,$19.98,-0.01,-0.05%,13667212766.00,United States,,16567,Finance,Major Banks
FITBP,Fifth Third Bancorp Depositary Shares each representing 1/40th share of Fifth Third 6.00% Non-Cumulative Perpetual Class B Preferred Stock Series A,$23.19,0.04,0.173%,15862996199.00,United States,,7630,Finance,Major Banks
FIX,Comfort Systems USA Inc. Common Stock,$302.12,-0.20,-0.066%,10792303147.00,United States,1997,242031,Industrials,Engineering & Construction
FNF,FNF Group of Fidelity National Financial Inc. Common Stock,$48.29,0.19,0.395%,13194674127.00,United States,2014,1245994,Finance,Specialty Insurers
FOX,Fox Corporation Class B Common Stock,$32.14,-0.02,-0.062%,15000739386.00,United States,,547025,Industrials,Broadcasting
FOXA,Fox Corporation Class A Common Stock,$34.52,-0.02,-0.058%,16111559540.00,United States,,2052977,Industrials,Broadcasting
FSLR,First Solar Inc. Common Stock,$227.12,5.00,2.251%,24311247310.00,United States,2006,2220574,Technology,Semiconductors
FTAI,FTAI Aviation Ltd. Common Stock,$106.47,0.76,0.719%,10673181505.00,United States,,659568,Industrials,Misc Corporate Leasing Services
FTNT,Fortinet Inc. Common Stock,$60.11,-0.98,-1.604%,45920313661.00,United States,2009,4845385,Technology,Computer peripheral equipment
FTS,Fortis Inc. Common Shares,$39.23,0.10,0.256%,19340390000.00,United States,2016,324341,Utilities,Electric Utilities: Central
FTV,Fortive Corporation Common Stock ,$73.54,1.13,1.561%,25888187803.00,United States,2016,1609265,Industrials,Industrial Machinery/Components
FWONA,Liberty Media Corporation Series A Liberty Formula One Common Stock,$65.92,1.14,1.76%,15493379974.00,United States,,178629,Industrials,Broadcasting
FWONK,Liberty Media Corporation Series C Liberty Formula One Common Stock,$74.23,1.41,1.936%,17446504786.00,United States,,943054,Industrials,Broadcasting
GD,General Dynamics Corporation Common Stock,$280.47,-1.21,-0.43%,76950894639.00,United States,,1222693,Industrials,Marine Transportation
GDDY,GoDaddy Inc. Class A Common Stock,$143.65,-0.33,-0.229%,20246154826.00,United States,2015,1087012,Technology,EDP Services
GE,GE Aerospace Common Stock,$163.53,3.03,1.888%,179001029726.00,United States,,3453327,Technology,Consumer Electronics/Appliances
GEHC,GE HealthCare Technologies Inc. Common Stock ,$76.35,-0.71,-0.921%,34851130923.00,United States,,1662029,Health Care,Medical Electronics
GEN,Gen Digital Inc. Common Stock,$24.55,-0.09,-0.365%,15371881771.00,United States,,2819203,Technology,Computer Software: Prepackaged Software
GEV,GE Vernova Inc. Common Stock,$174.37,-1.86,-1.055%,47792292646.00,United States,2024,1659343,,
GFS,GlobalFoundries Inc. Ordinary Shares,$53.49,0.35,0.659%,29609292683.00,United States,2021,1124759,Technology,Semiconductors
GGG,Graco Inc. Common Stock,$78.50,-0.30,-0.381%,13277166266.00,United States,,606791,Industrials,Fluid Controls
GILD,Gilead Sciences Inc. Common Stock,$67.55,0.86,1.29%,84157384268.00,United States,1992,5746976,Health Care,Biotechnology: Biological Products (No Diagnostic Substances)
GIS,General Mills Inc. Common Stock,$62.50,-0.38,-0.604%,34884104188.00,United States,,2932955,Consumer Staples,Packaged Foods
GLPI,Gaming and Leisure Properties Inc. Common Stock,$45.03,0.42,0.941%,12225671298.00,United States,,1390883,Real Estate,Real Estate Investment Trusts
GLW,Corning Incorporated Common Stock,$43.05,4.61,11.993%,36877457507.00,United States,,35464498,Industrials,Telecommunications Equipment
GM,General Motors Company Common Stock,$46.55,0.03,0.064%,53111596715.00,United States,2010,10868908,Consumer Discretionary,Auto Manufacturing
GOOG,Alphabet Inc. Class C Capital Stock,$190.48,-1.48,-0.771%,2353951840000.00,United States,2004,12097611,Technology,Computer Software: Programming Data Processing
GOOGL,Alphabet Inc. Class A Common Stock,$189.03,-1.57,-0.824%,2336032740000.00,United States,2004,21035886,Technology,Computer Software: Programming Data Processing
GPC,Genuine Parts Company Common Stock,$132.88,0.43,0.325%,18510004745.00,United States,,838810,Consumer Discretionary,Automotive Aftermarket
GPN,Global Payments Inc. Common Stock,$95.52,-0.70,-0.727%,24381458986.00,United States,,1609735,Consumer Discretionary,Business Services
GS,Goldman Sachs Group Inc. (The) Common Stock,$464.82,0.07,0.015%,149887482676.00,United States,1999,2214374,Finance,Investment Bankers/Brokers/Service
GWRE,Guidewire Software Inc. Common Stock,$139.91,0.56,0.402%,11565423003.00,United States,2012,450553,Technology,Computer Software: Prepackaged Software
GWW,W.W. Grainger Inc. Common Stock,$917.35,4.80,0.526%,45013268267.00,United States,,186024,Industrials,Office Equipment/Supplies/Services
H,Hyatt Hotels Corporation Class A Common Stock,$148.67,-0.20,-0.134%,15042842267.00,United States,2009,313178,Consumer Discretionary,Hotels/Resorts
HAL,Halliburton Company Common Stock,$33.21,0.11,0.332%,29400854579.00,United States,,4909059,Energy,Oilfield Services/Equipment
HBAN,Huntington Bancshares Incorporated Common Stock,$12.99,0.15,1.168%,18825811370.00,United States,,20457791,Finance,Major Banks
HBANM,Huntington Bancshares Incorporated Depositary Shares each representing a 1/1000th interest in a share of Huntington Series I Preferred Stock,$21.7312,0.0612,0.282%,31494031719.00,United States,,11127,Finance,Major Banks
HBANP,Huntington Bancshares Incorporated Depositary Shares 4.500% Series H Non-Cumulative Perpetual Preferred Stock,$17.65,0.10,0.57%,25579335695.00,United States,,50186,Finance,Major Banks
HCA,HCA Healthcare Inc. Common Stock,$316.21,-4.09,-1.277%,82819857561.00,United States,2011,1378092,Health Care,Hospital/Nursing Management
HD,Home Depot Inc. (The) Common Stock,$339.60,5.02,1.50%,336752177566.00,United States,,3534519,Consumer Discretionary,RETAIL: Building Materials
HEI,Heico Corporation Common Stock,$228.19,0.93,0.409%,31603364817.00,United States,2000,290481,Industrials,Aerospace
HES,Hess Corporation Common Stock,$146.63,-0.25,-0.17%,45178444818.00,United States,,1411721,Energy,Integrated oil Companies
HIG,Hartford Financial Services Group Inc. (The) Common Stock,$99.15,0.44,0.446%,29324145134.00,United States,,1222824,Finance,Property-Casualty Insurers
HLT,Hilton Worldwide Holdings Inc. Common Stock ,$214.57,0.16,0.075%,53652381378.00,United States,2016,1172156,Consumer Discretionary,Hotels/Resorts
HOLX,Hologic Inc. Common Stock,$74.53,0.43,0.58%,17393583934.00,United States,1990,1169554,Health Care,Medical Electronics
HON,Honeywell International Inc. Common Stock,$211.63,-0.61,-0.287%,137810390116.00,United States,,1838096,Industrials,Aerospace
HOOD,Robinhood Markets Inc. Class A Common Stock,$22.09,-0.59,-2.601%,19413486312.00,United States,2021,10579861,Finance,Investment Bankers/Brokers/Service
HPE,Hewlett Packard Enterprise Company Common Stock,$20.89,0.34,1.655%,27150174610.00,United States,2015,11118838,Technology,Retail: Computer Software & Peripheral Equipment
HPQ,HP Inc. Common Stock,$35.32,0.69,1.992%,34562724578.00,United States,,6511282,Technology,Computer Manufacturing
HRL,Hormel Foods Corporation Common Stock,$30.15,-0.14,-0.462%,16531407328.00,United States,,1820711,Consumer Staples,Meat/Poultry/Fish
HST,Host Hotels & Resorts Inc. Common Stock,$17.69,0.21,1.201%,12472230730.00,United States,,5499555,Real Estate,Real Estate Investment Trusts
HSY,The Hershey Company Common Stock,$184.76,0.61,0.331%,37363866992.00,United States,,1193321,Consumer Staples,Specialty Foods
HUBB,Hubbell Inc Common Stock,$377.01,4.26,1.143%,20240157729.00,United States,2015,529666,Technology,Electrical Products
HUBS,HubSpot Inc. Common Stock,$586.16,-1.09,-0.186%,29872145589.00,United States,2014,498218,Technology,Computer Software: Prepackaged Software
HUM,Humana Inc. Common Stock,$370.43,1.61,0.437%,44637050223.00,United States,,977758,Health Care,Medical Specialities
HWM,Howmet Aerospace Inc. Common Stock,$80.47,1.67,2.119%,32846522946.00,United States,,2150221,Industrials,Metal Fabrications
IBKR,Interactive Brokers Group Inc. Class A Common Stock,$123.47,-0.51,-0.411%,13224842438.00,United States,2019,502351,Finance,Investment Bankers/Brokers/Service
IBM,International Business Machines Corporation Common Stock,$177.64,1.62,0.92%,163180577588.00,United States,,2503038,Technology,Computer Manufacturing
ICE,Intercontinental Exchange Inc. Common Stock,$141.17,0.38,0.27%,80972935159.00,United States,2005,2307444,Finance,Investment Bankers/Brokers/Service
IDXX,IDEXX Laboratories Inc. Common Stock,$483.73,-2.27,-0.467%,39949968173.00,United States,1991,224968,Health Care,Biotechnology: In Vitro & In Vivo Diagnostic Substances
IEX,IDEX Corporation Common Stock,$195.64,0.95,0.488%,14809038665.00,United States,1989,395532,Industrials,Fluid Controls
IFF,International Flavors & Fragrances Inc. Common Stock,$97.29,2.00,2.099%,24843054426.00,United States,,1258433,Industrials,Major Chemicals
ILMN,Illumina Inc. Common Stock,$107.84,-0.68,-0.627%,17178912000.00,United States,2000,1949910,Health Care,Medical Specialities
INCY,Incyte Corp. Common Stock,$58.17,0.84,1.465%,13061535486.00,United States,,2669763,Health Care,Biotechnology: Commercial Physical & Biological Resarch
INSM,Insmed Incorporated Common Stock,$70.05,0.05,0.071%,10409748587.00,United States,,2679797,Health Care,Biotechnology: Pharmaceutical Preparations
INTC,Intel Corporation Common Stock,$33.99,1.97,6.152%,144695430000.00,United States,,82315937,Technology,Semiconductors
INTU,Intuit Inc. Common Stock,$659.58,-9.17,-1.371%,184383610260.00,United States,1993,1022474,Technology,Computer Software: Prepackaged Software
INVH,Invitation Homes Inc. Common Stock,$36.13,0.09,0.25%,22130912998.00,United States,2017,2862556,Finance,Real Estate
IOT,Samsara Inc. Class A Common Stock,$36.13,-0.60,-1.634%,19900626489.00,United States,2021,2926702,Technology,EDP Services
IP,International Paper Company Common Stock,$43.17,0.35,0.817%,14994336427.00,United States,,4361366,Basic Materials,Paper
IPG,Interpublic Group of Companies Inc. (The) Common Stock,$28.38,0.04,0.141%,10711279100.00,United States,,4984568,Consumer Discretionary,Advertising
IQV,IQVIA Holdings Inc. Common Stock,$208.94,0.84,0.404%,38068868000.00,United States,2013,1287096,Health Care,Biotechnology: Commercial Physical & Biological Resarch
IR,Ingersoll Rand Inc. Common Stock,$92.11,0.73,0.799%,37160110559.00,United States,2017,1359909,Industrials,Industrial Machinery/Components
IRM,Iron Mountain Incorporated (Delaware)Common Stock REIT,$92.87,1.27,1.386%,27223291521.00,United States,,1418777,Real Estate,Real Estate Investment Trusts
ISRG,Intuitive Surgical Inc. Common Stock,$444.53,0.77,0.174%,157677379054.00,United States,2000,1280739,Health Care,Industrial Specialties
IT,Gartner Inc. Common Stock,$449.14,-2.87,-0.635%,34866948398.00,United States,1993,302276,Consumer Discretionary,Other Consumer Services
ITT,ITT Inc. Common Stock ,$126.89,-0.05,-0.039%,10443047000.00,United States,2011,232285,Industrials,Fluid Controls
ITW,Illinois Tool Works Inc. Common Stock,$233.91,0.77,0.33%,69798744000.00,United States,,992810,Industrials,Industrial Machinery/Components
J,Jacobs Solutions Inc. Common Stock,$137.66,0.92,0.673%,17236798315.00,United States,2022,355174,Industrials,Military/Government/Technical
JBHT,J.B. Hunt Transport Services Inc. Common Stock,$158.04,-0.25,-0.158%,16309186397.00,United States,,625482,Industrials,Trucking Freight/Courier Services
JBL,Jabil Inc. Common Stock,$110.02,1.46,1.345%,13268116706.00,United States,1993,1328978,Technology,Electrical Products
JEF,Jefferies Financial Group Inc. Common Stock,$51.00,0.32,0.631%,10814221560.00,United States,,1000790,Finance,Investment Bankers/Brokers/Service
JKHY,Jack Henry & Associates Inc. Common Stock,$164.34,1.28,0.785%,11980390273.00,United States,1985,380840,Technology,EDP Services
JNJ,Johnson & Johnson Common Stock,$145.48,-1.00,-0.683%,350123687543.00,United States,,5260229,Health Care,Biotechnology: Pharmaceutical Preparations
JNPR,Juniper Networks Inc. Common Stock,$36.93,0.21,0.572%,12001803036.00,United States,1999,1151246,Telecommunications,Computer Communications Equipment
JPM,JP Morgan Chase & Co. Common Stock,$205.17,0.38,0.186%,589180098734.00,United States,,8706967,Finance,Major Banks
K,Kellanova Common Stock,$56.19,-0.19,-0.337%,19210442013.00,United States,,1979085,Consumer Staples,Packaged Foods
KDP,Keurig Dr Pepper Inc. Common Stock,$32.29,-0.37,-1.133%,43771493340.00,United States,,12206976,Consumer Staples,Beverages (Production/Distribution)
KEY,KeyCorp Common Stock,$14.03,0.08,0.573%,13228332282.00,United States,,12118712,Finance,Major Banks
KEYS,Keysight Technologies Inc. Common Stock,$138.10,0.75,0.546%,24103868768.00,United States,2014,1066543,Industrials,Industrial Machinery/Components
KHC,The Kraft Heinz Company Common Stock,$32.10,0.01,0.031%,38978971642.00,United States,,5870739,Consumer Staples,Packaged Foods
KIM,Kimco Realty Corporation (HC) Common Stock,$19.26,-0.02,-0.104%,12983482827.00,United States,,3317303,Real Estate,Real Estate Investment Trusts
KKR,KKR & Co. Inc. Common Stock,$105.07,-1.01,-0.952%,93239298090.00,United States,,1941811,Finance,Investment Managers
KKRS,KKR Group Finance Co. IX LLC 4.625% Subordinated Notes due 2061,$19.37,0.02,0.103%,17188971200.00,United States,2021,19601,,
KLAC,KLA Corporation Common Stock,$866.55,11.34,1.326%,116672249539.00,United States,1980,438793,Technology,Electronic Components
KMB,Kimberly-Clark Corporation Common Stock,$139.28,0.99,0.716%,46896840245.00,United States,,1348606,Consumer Discretionary,Containers/Packaging
KMI,Kinder Morgan Inc. Common Stock,$19.91,0.02,0.101%,44187945076.00,United States,2011,9640682,Utilities,Natural Gas Distribution
KMX,CarMax Inc,$73.00,1.42,1.984%,11393763496.00,United States,,1293567,Consumer Discretionary,Retail-Auto Dealers and Gas Stations
KO,Coca-Cola Company (The) Common Stock,$62.96,-0.80,-1.255%,271228866129.00,United States,,11235135,Consumer Staples,Beverages (Production/Distribution)
KR,Kroger Company (The) Common Stock,$51.94,0.10,0.193%,37489815658.00,United States,,5259443,Consumer Staples,Food Chains
KVUE,Kenvue Inc. Common Stock,$18.25,-0.06,-0.328%,34945297027.00,United States,2023,15968426,Consumer Discretionary,Specialty Chemicals
L,Loews Corporation Common Stock,$74.41,0.65,0.881%,16474839732.00,United States,,613695,Finance,Property-Casualty Insurers
LAMR,Lamar Advertising Company Class A Common Stock,$118.82,0.29,0.245%,12148239261.00,United States,1996,266152,Real Estate,Real Estate Investment Trusts
LDOS,Leidos Holdings Inc. Common Stock,$145.56,0.05,0.034%,19681391035.00,United States,,425922,Technology,EDP Services
LECO,Lincoln Electric Holdings Inc. Common Shares,$186.25,1.53,0.828%,10599177021.00,United States,,332826,Industrials,Industrial Machinery/Components
LEN,Lennar Corporation Class A Common Stock,$142.63,0.00,0.00%,39166775794.00,United States,,2460675,Consumer Discretionary,Homebuilding
LH,Labcorp Holdings Inc. Common Stock,$202.96,-1.62,-0.792%,17108234739.00,United States,,471489,Health Care,Medical Specialities
LHX,L3Harris Technologies Inc. Common Stock,$226.00,1.93,0.861%,42867760004.00,United States,,645411,Industrials,Industrial Machinery/Components
LII,Lennox International Inc. Common Stock,$543.18,-1.37,-0.252%,19350490924.00,United States,1999,173051,Industrials,Industrial Machinery/Components
LIN,Linde plc Ordinary Shares,$435.74,0.02,0.005%,209449882683.00,United States,,1502415,Industrials,Major Chemicals
LKQ,LKQ Corporation Common Stock,$41.76,0.31,0.748%,11140559454.00,United States,2003,1786953,Consumer Discretionary,Motor Vehicles
LLY,Eli Lilly and Company Common Stock,$918.00,3.43,0.375%,872472144348.00,United States,,2364556,Health Care,Biotechnology: Pharmaceutical Preparations
LMT,Lockheed Martin Corporation Common Stock,$461.76,-0.40,-0.087%,110793837373.00,United States,,447867,Industrials,Military/Government/Technical
LNG,Cheniere Energy Inc. Common Stock,$175.40,1.22,0.70%,40151252675.00,United States,2001,1347518,Utilities,Oil/Gas Transmission
LNT,Alliant Energy Corporation Common Stock,$51.39,-0.20,-0.388%,13175318454.00,United States,,1491226,Utilities,Power Generation
LOGI,Logitech International S.A. Ordinary Shares,$94.94,1.09,1.161%,15070558187.00,United States,1997,425603,Technology,Computer peripheral equipment
LOW,Lowe's Companies Inc. Common Stock,$217.15,3.26,1.524%,123739729966.00,United States,,2947581,Consumer Discretionary,RETAIL: Building Materials
LPLA,LPL Financial Holdings Inc. Common Stock,$272.52,-3.49,-1.264%,20359677876.00,United States,2010,594944,Finance,Investment Bankers/Brokers/Service
LRCX,Lam Research Corporation Common Stock,$1101.61,13.81,1.27%,144025593010.00,United States,1984,727547,Technology,Industrial Machinery/Components
LUV,Southwest Airlines Company Common Stock,$27.35,0.41,1.522%,16367784154.00,United States,,8227868,Consumer Discretionary,Air Freight/Delivery Services
LVS,Las Vegas Sands Corp. Common Stock,$41.45,-0.64,-1.521%,30882204368.00,United States,2004,4810746,Consumer Discretionary,Hotels/Resorts
LW,Lamb Weston Holdings Inc. Common Stock ,$80.48,-1.92,-2.33%,11620589370.00,United States,2016,2323682,Consumer Staples,Packaged Foods
LYV,Live Nation Entertainment Inc. Common Stock,$94.47,-0.87,-0.913%,21864379399.00,United States,,1687633,Consumer Discretionary,Services-Misc. Amusement & Recreation
MA,Mastercard Incorporated Common Stock,$446.24,-3.25,-0.723%,414831576096.00,United States,2006,1802729,Consumer Discretionary,Business Services
MAA,Mid-America Apartment Communities Inc. Common Stock,$139.14,0.34,0.245%,16255170475.00,United States,1994,666340,Real Estate,Real Estate Investment Trusts
MANH,Manhattan Associates Inc. Common Stock,$246.22,-1.61,-0.65%,15159736592.00,United States,1998,181072,Technology,Computer Software: Prepackaged Software
MAR,Marriott International Class A Common Stock,$239.86,-1.12,-0.465%,68509378550.00,United States,,1040260,Consumer Discretionary,Hotels/Resorts
MAS,Masco Corporation Common Stock,$65.79,1.09,1.685%,14489877760.00,United States,,1347433,Industrials,Industrial Specialties
MCD,McDonald's Corporation Common Stock,$247.85,-3.24,-1.29%,178620948440.00,United States,,3163853,Consumer Discretionary,Restaurants
MCHP,Microchip Technology Incorporated Common Stock,$93.26,1.12,1.216%,50069987987.00,United States,1993,4798199,Technology,Semiconductors
MCK,McKesson Corporation Common Stock,$589.53,1.77,0.301%,76630360068.00,United States,,420912,Health Care,Other Pharmaceuticals
MCO,Moody's Corporation Common Stock,$432.50,0.24,0.056%,78974500000.00,United States,,499055,Finance,Finance: Consumer Services
MDB,MongoDB Inc. Class A Common Stock,$260.10,-6.64,-2.489%,19078515770.00,United States,2017,1367971,Technology,Computer Software: Prepackaged Software
MDLZ,Mondelez International Inc. Class A Common Stock,$66.16,-0.82,-1.224%,88744312631.00,United States,,7929767,Consumer Staples,Packaged Foods
MDT,Medtronic plc. Ordinary Shares,$76.84,-0.77,-0.992%,98529610126.00,United States,,5606455,Health Care,Biotechnology: Electromedical & Electrotherapeutic Apparatus
MEDP,Medpace Holdings Inc. Common Stock,$405.64,3.24,0.805%,12568105970.00,United States,2016,137947,Health Care,Biotechnology: Commercial Physical & Biological Resarch
MET,MetLife Inc. Common Stock,$69.41,-0.09,-0.129%,49359075958.00,United States,2000,2126057,Finance,Life Insurance
META,Meta Platforms Inc. Class A Common Stock,$529.32,-10.59,-1.961%,1342638277980.00,United States,2012,14917495,Technology,Computer Software: Programming Data Processing
MGM,MGM Resorts International Common Stock,$43.69,0.65,1.51%,13704698205.00,United States,,2629026,Consumer Discretionary,Hotels/Resorts
MKC,McCormick & Company Incorporated Common Stock,$69.44,-1.44,-2.032%,18653676713.00,United States,,1922158,Consumer Staples,Packaged Foods
MKL,Markel Group Inc. Common Stock,$1550.81,15.12,0.985%,20164633443.00,United States,1986,33978,Finance,Property-Casualty Insurers
MLM,Martin Marietta Materials Inc. Common Stock,$529.98,-6.76,-1.259%,32668067896.00,United States,1994,819803,Industrials,Mining & Quarrying of Nonmetallic Minerals (No Fuels)
MMC,Marsh & McLennan Companies Inc. Common Stock,$214.26,0.34,0.159%,105571049597.00,United States,,1286837,Finance,Specialty Insurers
MMM,3M Company Common Stock,$101.10,-0.22,-0.217%,55944823083.00,United States,,2338695,Health Care,Medical/Dental Instruments
MNST,Monster Beverage Corporation,$50.18,0.43,0.864%,52273922481.00,United States,,6863264,Consumer Staples,Beverages (Production/Distribution)
MO,Altria Group Inc.,$46.02,-0.08,-0.174%,79045168032.00,United States,,5318814,Health Care, Medicinal Chemicals and Botanical Products 
MOH,Molina Healthcare Inc Common Stock,$292.78,-0.41,-0.14%,17156908000.00,United States,2003,248260,Health Care,Medical Specialities
MORN,Morningstar Inc. Common Stock,$299.13,-1.82,-0.605%,12786486243.00,United States,2005,114351,Finance,Investment Managers
MPC,Marathon Petroleum Corporation Common Stock,$167.47,-3.27,-1.915%,59004785821.00,United States,,1897578,Energy,Integrated oil Companies
MPLX,MPLX LP Common Units Representing Limited Partner Interests,$42.33,-0.16,-0.377%,43015563769.00,United States,2012,970462,Energy,Natural Gas Distribution
MPWR,Monolithic Power Systems Inc. Common Stock,$851.82,10.17,1.208%,41459783040.00,United States,2004,313568,Technology,Semiconductors
MRK,Merck & Company Inc. Common Stock (new),$125.78,-0.67,-0.53%,318576377294.00,United States,,5743436,Health Care,Biotechnology: Pharmaceutical Preparations
MRNA,Moderna Inc. Common Stock,$116.45,-1.87,-1.58%,44628266093.00,United States,2018,2195485,Health Care,Biotechnology: Biological Products (No Diagnostic Substances)
MRO,Marathon Oil Corporation Common Stock,$28.19,0.01,0.035%,15900160801.00,United States,,6568243,Energy,Oil & Gas Production
MRVL,Marvell Technology Inc. Common Stock,$74.91,2.83,3.926%,64842096000.00,United States,2000,12762270,Technology,Semiconductors
MS,Morgan Stanley Common Stock,$100.59,1.00,1.004%,163475113579.00,United States,,3884437,Finance,Investment Bankers/Brokers/Service
MSCI,MSCI Inc. Common Stock,$492.26,-2.98,-0.602%,38998905184.00,United States,,363033,Consumer Discretionary,Business Services
MSFT,Microsoft Corporation Common Stock,$466.24,-1.32,-0.282%,3465238253395.00,United States,1986,12962321,Technology,Computer Software: Prepackaged Software
MSI,Motorola Solutions Inc. Common Stock,$390.57,3.70,0.956%,65142029836.00,United States,,696525,Technology,Radio And Television Broadcasting And Communications Equipment
MSTR,MicroStrategy Incorporated Common Stock Class A,$1290.58,8.86,0.691%,22891573700.00,United States,1998,873639,Technology,Computer Software: Prepackaged Software
MTB,M&T Bank Corporation Common Stock,$148.20,1.71,1.167%,24727825192.00,United States,,685816,Finance,Major Banks
MU,Micron Technology Inc. Common Stock,$130.69,-0.795,-0.605%,144914472895.00,United States,,20500745,Technology,Semiconductors
NBIX,Neurocrine Biosciences Inc. Common Stock,$142.24,3.16,2.272%,14314639168.00,United States,1996,581225,Health Care,Biotechnology: Biological Products (No Diagnostic Substances)
NDAQ,Nasdaq Inc. Common Stock,$60.44,0.06,0.099%,34845629377.00,United States,,1097741,Finance,Investment Bankers/Brokers/Service
NDSN,Nordson Corporation Common Stock,$226.51,-0.10,-0.044%,12971951584.00,United States,,222722,Industrials,Industrial Machinery/Components
NEE,NextEra Energy Inc. Common Stock,$72.11,0.02,0.028%,148152342325.00,United States,,5368723,Technology,EDP Services
NEM,Newmont Corporation,$44.13,-0.38,-0.854%,50888076805.00,United States,,6158412,Basic Materials,Precious Metals
NET,Cloudflare Inc. Class A Common Stock,$84.88,-2.08,-2.392%,28841646392.00,United States,2019,2803111,Technology,Computer Software: Prepackaged Software
NFLX,Netflix Inc. Common Stock,$685.74,-4.91,-0.711%,295529932928.00,United States,2002,1930786,Consumer Discretionary,Consumer Electronics/Video Chains
NI,NiSource Inc Common Stock,$28.57,0.03,0.105%,12808083507.00,United States,,3434796,Utilities,Power Generation
NKE,Nike Inc. Common Stock,$73.05,-2.38,-3.155%,110258660851.00,United States,,29905043,Consumer Discretionary,Shoe Manufacturing
NOC,Northrop Grumman Corporation Common Stock,$430.25,-4.48,-1.031%,63672684162.00,United States,,728019,Industrials,Industrial Machinery/Components
NOW,ServiceNow Inc. Common Stock,$766.20,-40.27,-4.993%,157071000000.00,United States,2012,2121332,Technology,Computer Software: Prepackaged Software
NRG,NRG Energy Inc. Common Stock,$78.57,1.41,1.827%,16379931585.00,United States,,1884879,Utilities,Electric Utilities: Central
NSC,Norfolk Southern Corporation Common Stock,$214.25,-1.61,-0.746%,48402080499.00,United States,,1120420,Industrials,Railroads
NTAP,NetApp Inc. Common Stock,$130.12,1.03,0.798%,26778925141.00,United States,1995,1688261,Technology,Electronic Components
NTNX,Nutanix Inc. Class A Common Stock,$59.60,-0.50,-0.832%,14699792932.00,United States,2016,2588281,Technology,Computer Software: Prepackaged Software
NTRA,Natera Inc. Common Stock,$109.52,-3.22,-2.856%,13449351047.00,United States,2015,788135,Health Care,Medical Specialities
NTRS,Northern Trust Corporation Common Stock,$82.90,-0.23,-0.277%,16960653920.00,United States,,769974,Finance,Major Banks
NUE,Nucor Corporation Common Stock,$152.47,-1.37,-0.891%,36556477072.00,United States,,1084086,Industrials,Steel/Iron Ore
NVDA,NVIDIA Corporation Common Stock,$128.20,2.37,1.883%,3153507440554.00,United States,1999,237677322,Technology,Semiconductors
NVR,NVR Inc. Common Stock,$7454.06,32.55,0.439%,23348896284.00,United States,1998,16894,Consumer Discretionary,Homebuilding
NWS,News Corporation Class B Common Stock,$28.10,-0.23,-0.812%,16013876460.00,United States,,414965,Consumer Discretionary,Newspapers/Magazines
NWSA,News Corporation Class A Common Stock,$27.25,-0.23,-0.837%,15529470945.00,United States,,2556125,Consumer Discretionary,Newspapers/Magazines
O,Realty Income Corporation Common Stock,$53.16,0.07,0.132%,46290369018.00,United States,,5347705,Real Estate,Real Estate Investment Trusts
OC,Owens Corning Inc Common Stock New,$167.34,1.70,1.026%,14501106408.00,United States,,632115,Industrials,Industrial Machinery/Components
ODFL,Old Dominion Freight Line Inc. Common Stock,$181.06,-1.71,-0.936%,39341636947.00,United States,1991,1596022,Industrials,Trucking Freight/Courier Services
OKE,ONEOK Inc. Common Stock,$82.00,-0.25,-0.304%,47859046538.00,United States,,1409193,Utilities,Oil & Gas Production
OKTA,Okta Inc. Class A Common Stock,$98.05,1.70,1.764%,16494593814.00,United States,2017,2013808,Technology,Computer Software: Prepackaged Software
OLED,Universal Display Corporation Common Stock,$222.45,4.13,1.892%,10552914106.00,United States,,299738,Technology,Electrical Products
OMC,Omnicom Group Inc. Common Stock,$89.61,0.71,0.799%,17548655258.00,United States,,1138684,Consumer Discretionary,Advertising
ON,ON Semiconductor Corporation Common Stock,$75.01,1.63,2.221%,32271693994.00,United States,,4717102,Technology,Semiconductors
ONTO,Onto Innovation Inc. Common Stock,$232.42,4.03,1.765%,11452693522.00,United States,,791109,Industrials,Industrial Machinery/Components
ORCL,Oracle Corporation Common Stock,$145.03,0.20,0.138%,399682375800.00,United States,1986,8622633,Technology,Computer Software: Prepackaged Software
ORLY,O'Reilly Automotive Inc. Common Stock,$1022.79,-4.03,-0.392%,60236292448.00,United States,1993,257566,Consumer Discretionary,Auto & Home Supply Stores
OTIS,Otis Worldwide Corporation Common Stock ,$97.40,0.52,0.537%,39381041791.00,United States,2020,1822564,Technology,Consumer Electronics/Appliances
OWL,Blue Owl Capital Inc. Class A Common Stock,$16.90,-0.79,-4.466%,24146797841.00,United States,2020,8100961,Finance,Investment Managers
OXY,Occidental Petroleum Corporation Common Stock,$60.95,-0.84,-1.359%,54040509913.00,United States,,6330865,Energy,Oil & Gas Production
PAA,Plains All American Pipeline L.P. Common Units representing Limited Partner Interests,$18.53,0.03,0.162%,12990846204.00,United States,1998,1241564,Energy,Natural Gas Distribution
PANW,Palo Alto Networks Inc. Common Stock,$337.64,-4.45,-1.301%,109327832000.00,United States,,2928139,Technology,Computer peripheral equipment
PARAA,Paramount Global Class A Common Stock,$21.02,0.55,2.687%,14009381896.00,United States,,387881,Industrials,Broadcasting
PAYX,Paychex Inc. Common Stock,$116.17,-1.37,-1.166%,41816941324.00,United States,1983,1601599,Consumer Discretionary,Diversified Commercial Services
PCAR,PACCAR Inc. Common Stock,$101.28,1.06,1.058%,53085450771.00,United States,,2609206,Consumer Discretionary,Auto Manufacturing
PCG,Pacific Gas & Electric Co. Common Stock,$17.18,-0.05,-0.29%,49465975510.00,United States,,9715882,Utilities,Power Generation
PEG,Public Service Enterprise Group Incorporated Common Stock,$74.59,0.52,0.702%,37151822034.00,United States,,1874514,Utilities,Power Generation
PEP,PepsiCo Inc. Common Stock,$162.12,-2.27,-1.381%,222880303078.00,United States,,5268800,Consumer Staples,Beverages (Production/Distribution)
PFE,Pfizer Inc. Common Stock,$27.93,-0.12,-0.428%,158267939641.00,United States,,25694361,Health Care,Biotechnology: Pharmaceutical Preparations
PFG,Principal Financial Group Inc Common Stock,$78.46,0.09,0.115%,18389732627.00,United States,2001,861048,Finance,Accident &Health Insurance
PFH,Prudential Financial Inc. 4.125% Junior Subordinated Notes due 2060,$19.41,0.00,0.00%,53445837874.00,United States,2020,27531,Finance,Life Insurance
PG,Procter & Gamble Company (The) Common Stock,$166.52,1.31,0.793%,393009727159.00,United States,,5144458,Consumer Discretionary,Package Goods/Cosmetics
PGR,Progressive Corporation (The) Common Stock,$209.71,-0.47,-0.224%,122826808738.00,United States,,2706449,Finance,Property-Casualty Insurers
PH,Parker-Hannifin Corporation Common Stock,$508.77,3.27,0.647%,65397799482.00,United States,,434374,Industrials,Metal Fabrications
PHM,PulteGroup Inc. Common Stock,$105.26,1.31,1.26%,22140610814.00,United States,,1543420,Consumer Discretionary,Homebuilding
PINS,Pinterest Inc. Class A Common Stock,$43.44,-0.07,-0.161%,29676900152.00,United States,2019,4224813,Technology,Computer Software: Programming Data Processing
PKG,Packaging Corporation of America Common Stock,$179.55,1.98,1.115%,16123227129.00,United States,2000,416162,Consumer Discretionary,Containers/Packaging
PLD,Prologis Inc. Common Stock,$114.41,-0.05,-0.044%,105925812040.00,United States,,2185774,Real Estate,Real Estate Investment Trusts
PLTR,Palantir Technologies Inc. Class A Common Stock,$27.70,0.47,1.726%,61685031360.00,United States,2020,59611163,Technology,Computer Software: Prepackaged Software
PM,Philip Morris International Inc Common Stock,$102.59,0.47,0.46%,159481999142.00,United States,,6081328,Health Care, Medicinal Chemicals and Botanical Products 
PNC,PNC Financial Services Group Inc. (The) Common Stock,$158.77,2.26,1.444%,63175722969.00,United States,,1261470,Finance,Major Banks
PODD,Insulet Corporation Common Stock,$198.67,1.77,0.899%,13914749650.00,United States,2007,466097,Health Care,Medical/Dental Instruments
POOL,Pool Corporation Common Stock,$304.48,4.70,1.568%,11670346934.00,United States,1995,430693,Consumer Discretionary,Industrial Specialties
PPG,PPG Industries Inc. Common Stock,$127.00,1.77,1.413%,29781500000.00,United States,,1245197,Consumer Discretionary,Paints/Coatings
PPL,PPL Corporation Common Stock,$27.40,-0.01,-0.036%,20214099537.00,United States,,4215413,Utilities,Electric Utilities: Central
PR,Permian Resources Corporation Class A Common Stock,$16.20,0.15,0.935%,12473188283.00,United States,2022,7388441,Energy,Oil & Gas Production
PRU,Prudential Financial Inc. Common Stock,$117.04,0.20,0.171%,42017360000.00,United States,2001,741472,Finance,Life Insurance
PSA,Public Storage Common Stock,$290.44,0.77,0.266%,51037471703.00,United States,,466654,Real Estate,Real Estate Investment Trusts
PSN,Parsons Corporation Common Stock,$78.69,-0.95,-1.193%,11547580054.00,United States,2019,535800,Technology,EDP Services
PSTG,Pure Storage Inc. Class A Common Stock,$65.17,0.49,0.758%,21195529628.00,United States,2015,2559715,Technology,Electronic Components
PSX,Phillips 66 Common Stock,$135.95,-2.45,-1.77%,57636292753.00,United States,,1646969,Energy,Integrated oil Companies
PTC,PTC Inc. Common Stock,$187.32,0.86,0.461%,22430494783.00,United States,,670260,Technology,Computer Software: Prepackaged Software
PWR,Quanta Services Inc. Common Stock,$254.66,2.13,0.843%,37279283950.00,United States,,553468,Industrials,Engineering & Construction
PYPL,PayPal Holdings Inc. Common Stock,$59.09,-0.67,-1.121%,61810860563.00,United States,,10320364,Consumer Discretionary,Business Services
QCOM,QUALCOMM Incorporated Common Stock,$207.89,2.14,1.04%,232005240000.00,United States,1991,6920442,Technology,Radio And Television Broadcasting And Communications Equipment
QRTEP,Qurate Retail Inc. 8.0% Fixed Rate Cumulative Redeemable Preferred Stock,$41.88,-0.40,-0.946%,16620456805.00,United States,,28365,Consumer Discretionary,Catalog/Specialty Distribution
QRVO,Qorvo Inc. Common Stock,$120.82,2.07,1.743%,11553907258.00,United States,,942434,Technology,Semiconductors
RBLX,Roblox Corporation Class A Common Stock,$39.82,1.14,2.947%,25484800000.00,United States,2021,7844983,Technology,Computer Software: Prepackaged Software
RCL,Royal Caribbean Cruises Ltd. Common Stock,$160.83,4.05,2.583%,41389471193.00,United States,1993,2247594,Consumer Discretionary,Marine Transportation
REG,Regency Centers Corporation Common Stock,$61.74,-0.21,-0.339%,11408261140.00,United States,1993,740643,Real Estate,Real Estate Investment Trusts
REGN,Regeneron Pharmaceuticals Inc. Common Stock,$1052.25,18.02,1.742%,115942695532.00,United States,1991,366218,Health Care,Biotechnology: Pharmaceutical Preparations
RF,Regions Financial Corporation Common Stock,$19.79,0.28,1.435%,18124218289.00,United States,,5822649,Finance,Major Banks
RGA,Reinsurance Group of America Incorporated Common Stock,$205.72,1.98,0.972%,13534735383.00,United States,,270258,Finance,Life Insurance
RIVN,Rivian Automotive Inc. Class A Common Stock,$15.49,0.70,4.733%,15417510394.00,United States,2021,56415279,Consumer Discretionary,Auto Manufacturing
RJF,Raymond James Financial Inc. Common Stock,$117.47,-2.04,-1.707%,24348801937.00,United States,,843523,Finance,Investment Bankers/Brokers/Service
RKT,Rocket Companies Inc. Class A Common Stock,$13.27,-0.66,-4.738%,26385480444.00,United States,2020,3708863,Finance,Finance: Consumer Services
RL,Ralph Lauren Corporation Common Stock,$177.07,8.40,4.98%,11068544062.00,United States,1997,1226544,Consumer Discretionary,Apparel
RMD,ResMed Inc. Common Stock,$192.92,-1.82,-0.935%,28341338374.00,United States,,805224,Health Care,Medical/Dental Instruments
ROK,Rockwell Automation Inc. Common Stock,$265.11,1.04,0.394%,30223381989.00,United States,,346950,Industrials,Industrial Machinery/Components
ROL,Rollins Inc. Common Stock,$49.92,-0.48,-0.952%,24172781368.00,United States,,1362917,Finance,Diversified Commercial Services
ROP,Roper Technologies Inc. Common Stock,$556.80,-5.01,-0.892%,59602395418.00,United States,1992,315266,Industrials,Industrial Machinery/Components
ROST,Ross Stores Inc. Common Stock,$146.69,1.14,0.783%,48932102961.00,United States,1985,1088857,Consumer Discretionary,Clothing/Shoe/Accessory Stores
RPM,RPM International Inc. Common Stock,$106.43,0.54,0.51%,13704244281.00,United States,,455074,Consumer Discretionary,Paints/Coatings
RPRX,Royalty Pharma plc Class A Ordinary Shares ,$25.71,0.04,0.156%,15360112237.00,United States,2020,2235407,Health Care,Biotechnology: Pharmaceutical Preparations
RS,Reliance Inc. Common Stock,$280.70,0.19,0.068%,16119648866.00,United States,1994,251291,Industrials,Metal Fabrications
RSG,Republic Services Inc. Common Stock,$195.29,0.40,0.205%,61503159918.00,United States,1998,1362573,Utilities,Environmental Services
RTO,Rentokil Initial plc American Depositary Shares (each representing five (5) Ordinary Shares),$30.40,-0.31,-1.009%,15349202501.00,United States,2022,402735,Consumer Discretionary,Other Consumer Services
RTX,RTX Corporation Common Stock,$100.10,-0.27,-0.269%,133083551901.00,United States,,8738074,Industrials,Aerospace
RVTY,Revvity Inc. Common Stock,$104.64,1.08,1.043%,12911842578.00,United States,,660729,Industrials,Biotechnology: Laboratory Analytical Instruments
RYAN,Ryan Specialty Holdings Inc. Class A Common Stock,$57.58,-0.40,-0.69%,14996530947.00,United States,2021,595032,Finance,Specialty Insurers
SAIA,Saia Inc. Common Stock,$459.60,-4.63,-0.997%,12219919255.00,United States,,440354,Industrials,Trucking Freight/Courier Services
SBAC,SBA Communications Corporation Class A Common Stock,$193.96,3.13,1.64%,20839646995.00,United States,1999,655049,Real Estate,Real Estate Investment Trusts
SBUX,Starbucks Corporation Common Stock,$74.57,-1.48,-1.946%,84465439000.00,United States,1992,8871230,Consumer Discretionary,Restaurants
SCCO,Southern Copper Corporation Common Stock,$116.45,-0.30,-0.257%,90029366235.00,United States,,1071225,Basic Materials,Metal Mining
SCHW,Charles Schwab Corporation (The) Common Stock,$73.24,0.04,0.055%,133895536927.00,United States,,5338165,Finance,Investment Bankers/Brokers/Service
SCI,Service Corporation International Common Stock,$69.88,0.17,0.244%,10175333926.00,United States,,678227,Consumer Discretionary,Other Consumer Services
SE,Sea Limited American Depositary Shares each representing one Class A Ordinary Share,$72.96,1.08,1.503%,41903846911.00,United States,2017,3084665,Consumer Discretionary,Other Consumer Services
SHW,Sherwin-Williams Company (The) Common Stock,$300.25,4.55,1.539%,76128101962.00,United States,,1660480,Consumer Discretionary,RETAIL: Building Materials
SIRI,Sirius XM Holdings Inc. Common Stock,$3.25,-0.46,-12.399%,12501553006.00,United States,,62935335,Consumer Discretionary,Broadcasting
SJM,The J.M. Smucker Company Common Stock,$109.85,-0.04,-0.036%,11665559198.00,United States,,1687158,Consumer Staples,Packaged Foods
SKX,Skechers U.S.A. Inc. Common Stock,$67.74,1.50,2.264%,10331474958.00,United States,1999,1844940,Consumer Discretionary,Shoe Manufacturing
SLMBP,SLM Corporation Floating Rate Non-Cumulative Preferred Stock Series B,$76.57,-0.33,-0.429%,16866520609.00,United States,,721,Finance,Finance: Consumer Services
SMCI,Super Micro Computer Inc. Common Stock,$899.34,52.76,6.232%,52662226992.00,United States,2020,9821572,Technology,Computer Manufacturing
SN,SharkNinja Inc. Ordinary Shares,$73.93,0.00,0.00%,10282433470.00,United States,2023,826098,Consumer Discretionary,Consumer Electronics/Appliances
SNA,Snap-On Incorporated Common Stock,$257.41,2.06,0.807%,13570281698.00,United States,,293057,Consumer Discretionary,Industrial Machinery/Components
SNAP,Snap Inc. Class A Common Stock,$16.50,0.12,0.733%,27077143335.00,United States,2017,11438927,Technology,Computer Software: Programming Data Processing
SNOW,Snowflake Inc. Class A Common Stock,$141.57,-1.45,-1.014%,47397636000.00,United States,2020,4480577,Technology,Computer Software: Prepackaged Software
SNPS,Synopsys Inc. Common Stock,$615.49,-5.81,-0.935%,94302973081.00,United States,1992,559598,Technology,Computer Software: Prepackaged Software
SO,Southern Company (The) Common Stock,$77.80,-0.24,-0.308%,85068551436.00,United States,,2359650,Utilities,Electric Utilities: Central
SOJC,Southern Company (The) Series 2017B 5.25% Junior Subordinated Notes due December 1 2077,$23.43,0.00,0.00%,25618973781.00,United States,2017,21469,Utilities,Electric Utilities: Central
SOJD,Southern Company (The) Series 2020A 4.95% Junior Subordinated Notes due January 30 2080,$22.30,0.01,0.045%,24383402275.00,United States,2020,32701,Utilities,Electric Utilities: Central
SOJE,Southern Company (The) Series 2020C 4.20% Junior Subordinated Notes due October 15 2060,$20.23,-0.01,-0.049%,15640138076.00,United States,2020,64249,Basic Materials,Metal Mining
SPG,Simon Property Group Inc. Common Stock,$146.87,0.78,0.534%,47871369725.00,United States,,784338,Real Estate,Real Estate Investment Trusts
SPGI,S&P Global Inc. Common Stock,$455.89,2.62,0.578%,142647981000.00,United States,,833067,Finance,Finance: Consumer Services
SQ,Block Inc. Class A Common Stock,$64.23,-1.55,-2.356%,39632543430.00,United States,2015,6166072,Technology,Computer Software: Prepackaged Software
SRE,DBA Sempra Common Stock,$75.18,-0.95,-1.248%,47577342959.00,United States,,2356144,Utilities,Natural Gas Distribution
SREA,DBA Sempra 5.750% Junior Subordinated Notes due 2079,$23.53,-0.03,-0.127%,14890860333.00,United States,2019,43190,Utilities,Natural Gas Distribution
SRPT,Sarepta Therapeutics Inc. Common Stock (DE),$151.475,-0.255,-0.168%,14317987455.00,United States,,1397597,Health Care,Biotechnology: Pharmaceutical Preparations
SSNC,SS&C Technologies Holdings Inc. Common Stock,$62.00,-0.21,-0.338%,15334043174.00,United States,2010,520844,Technology,Computer Software: Prepackaged Software
STE,STERIS plc (Ireland) Ordinary Shares,$219.83,-0.22,-0.10%,21741189198.00,United States,,284863,Health Care,Industrial Specialties
STLD,Steel Dynamics Inc.,$124.27,-0.15,-0.121%,19526942267.00,United States,1996,996810,Industrials,Steel/Iron Ore
STT,State Street Corporation Common Stock,$73.37,-0.35,-0.475%,22103363439.00,United States,,2637053,Finance,Major Banks
STZ,Constellation Brands Inc. Common Stock,$253.84,-5.30,-2.045%,46254210012.00,United States,,1268807,Consumer Staples,Beverages (Production/Distribution)
SUI,Sun Communities Inc. Common Stock,$117.46,-1.49,-1.253%,14639530078.00,United States,1993,510385,Real Estate,Real Estate Investment Trusts
SWK,Stanley Black & Decker Inc. Common Stock,$81.29,1.71,2.149%,12508802693.00,United States,,1473811,Consumer Discretionary,Industrial Machinery/Components
SWKS,Skyworks Solutions Inc. Common Stock,$106.38,0.82,0.777%,17068309521.00,United States,,1573350,Technology,Semiconductors
SYF,Synchrony Financial Common Stock,$47.67,0.75,1.598%,19141587464.00,United States,2014,2553876,Finance,Finance: Consumer Services
SYK,Stryker Corporation Common Stock,$334.11,-3.14,-0.931%,127279130328.00,United States,,585985,Health Care,Medical/Dental Instruments
SYM,Symbotic Inc. Class A Common Stock,$37.17,1.36,3.798%,21730605364.00,United States,2021,1239945,Industrials,Industrial Machinery/Components
SYY,Sysco Corporation Common Stock,$69.66,-0.09,-0.129%,34689459905.00,United States,,1673288,Consumer Discretionary,Food Distributors
T,AT&T Inc.,$18.81,0.04,0.213%,134870805606.00,United States,,23277383,Telecommunications,Telecommunications Equipment
TBB,AT&T Inc. 5.350% Global Notes due 2066,$23.27,-0.07,-0.30%,166849741970.00,United States,2017,29079,Telecommunications,Telecommunications Equipment
TBC,AT&T Inc. 5.625% Global Notes due 2067,$24.235,-0.0654,-0.269%,173768951295.00,United States,2018,18426,Telecommunications,Telecommunications Equipment
TDG,Transdigm Group Incorporated Common Stock,$1272.18,-2.37,-0.186%,71189259086.00,United States,2006,191877,Industrials,Military/Government/Technical
TDY,Teledyne Technologies Incorporated Common Stock,$382.84,1.37,0.359%,18155226072.00,United States,,348986,Industrials,Industrial Machinery/Components
TECH,Bio-Techne Corp Common Stock,$71.56,0.12,0.168%,11276756624.00,United States,,841071,Health Care,Biotechnology: Biological Products (No Diagnostic Substances)
TELZ,Tellurian Inc. 8.25% Senior Notes due 2028,$17.0175,0.1376,0.815%,14230488361.00,United States,,2357,Energy,Oil & Gas Production
TER,Teradyne Inc. Common Stock,$154.17,2.97,1.964%,24067769310.00,United States,,1518957,Industrials,Electrical Products
TFC,Truist Financial Corporation Common Stock,$38.25,0.03,0.078%,51182177546.00,United States,,4137635,Finance,Major Banks
TGT,Target Corporation Common Stock,$148.72,3.07,2.108%,68803311137.00,United States,,5183791,Consumer Discretionary,Department/Specialty Retail Stores
THC,Tenet Healthcare Corporation Common Stock,$129.27,-2.53,-1.92%,12627481410.00,United States,,1012677,Health Care,Hospital/Nursing Management
TJX,TJX Companies Inc. (The) Common Stock,$112.21,0.57,0.511%,126814036795.00,United States,,5074806,Consumer Discretionary,Clothing/Shoe/Accessory Stores
TKO,TKO Group Holdings Inc. Class A Common Stock,$112.18,1.40,1.264%,19105035446.00,United States,2023,566314,Consumer Discretionary,Services-Misc. Amusement & Recreation
TME,Tencent Music Entertainment Group American Depositary Shares each representing two Class A Ordinary Shares,$14.51,-0.02,-0.138%,24900279171.00,United States,2018,9213447,Consumer Discretionary,Broadcasting
TMO,Thermo Fisher Scientific Inc Common Stock,$536.29,-3.81,-0.705%,204710646862.00,United States,,1140129,Industrials,Industrial Machinery/Components
TMUS,T-Mobile US Inc. Common Stock,$179.17,-0.07,-0.039%,209961127585.00,United States,,2370248,Telecommunications,Telecommunications Equipment
TOL,Toll Brothers Inc. Common Stock,$110.75,1.59,1.457%,11368487500.00,United States,,1094829,Consumer Discretionary,Homebuilding
TOST,Toast Inc. Class A Common Stock,$25.41,-0.25,-0.974%,14102550000.00,United States,2021,3935239,Technology,EDP Services
TPG,TPG Inc. Class A Common Stock,$40.57,-0.07,-0.172%,14798612688.00,United States,2022,588450,Finance,Investment Managers
TPL,Texas Pacific Land Corporation Common Stock,$751.49,3.95,0.528%,17276570985.00,United States,,104773,Energy,Oil & Gas Production
TRGP,Targa Resources Inc. Common Stock,$132.55,0.06,0.045%,29388522738.00,United States,2010,1004807,Utilities,Natural Gas Distribution
TRI,Thomson Reuters Corp Common Shares,$167.87,-1.35,-0.798%,75630564939.00,United States,,370801,Consumer Discretionary,Publishing
TRMB,Trimble Inc. Common Stock,$56.29,0.40,0.716%,13829731418.00,United States,1990,742151,Industrials,Industrial Machinery/Components
TROW,T. Rowe Price Group Inc. Common Stock,$114.67,-0.12,-0.105%,25605799877.00,United States,1986,727155,Finance,Investment Bankers/Brokers/Service
TRU,TransUnion Common Stock,$76.62,0.37,0.485%,14879604000.00,United States,2015,1245961,Finance,Finance: Consumer Services
TRV,The Travelers Companies Inc. Common Stock,$204.23,2.36,1.169%,46767320448.00,United States,,852316,Finance,Property-Casualty Insurers
TSCO,Tractor Supply Company Common Stock,$260.92,-1.61,-0.613%,28129888263.00,United States,1994,1252627,Consumer Discretionary,RETAIL: Building Materials
TSLA,Tesla Inc. Common Stock,$252.94,1.42,0.565%,806675278481.00,United States,2010,157219580,Consumer Discretionary,Auto Manufacturing
TSN,Tyson Foods Inc. Common Stock,$56.69,0.67,1.196%,20183050787.00,United States,,1538387,Consumer Staples,Meat/Poultry/Fish
TTD,The Trade Desk Inc. Class A Common Stock,$99.08,-0.82,-0.821%,48462706430.00,United States,2016,2005060,Technology,Computer Software: Programming Data Processing
TTEK,Tetra Tech Inc. Common Stock,$203.01,0.79,0.391%,10860480783.00,United States,1991,316972,Consumer Discretionary,Military/Government/Technical
TTWO,Take-Two Interactive Software Inc. Common Stock,$152.00,0.26,0.171%,26050578672.00,United States,1997,1177672,Technology,Computer Software: Prepackaged Software
TVE,Tennessee Valley Authority,$22.0157,-0.1943,-0.875%,17522868919.00,United States,,2501,Utilities,Electric Utilities: Central
TW,Tradeweb Markets Inc. Class A Common Stock,$105.10,-1.39,-1.305%,24822138904.00,United States,2019,627405,Finance,Investment Bankers/Brokers/Service
TXN,Texas Instruments Incorporated Common Stock,$201.47,2.68,1.348%,183434837955.00,United States,,3927094,Technology,Semiconductors
TXRH,Texas Roadhouse Inc. Common Stock,$171.56,0.88,0.516%,11458601684.00,United States,2004,571338,Consumer Discretionary,Restaurants
TXT,Textron Inc. Common Stock,$85.85,0.89,1.048%,16371508549.00,United States,,635591,Industrials,Aerospace
TYL,Tyler Technologies Inc. Common Stock,$511.48,-1.94,-0.378%,21715019965.00,United States,,144439,Technology,Computer Software: Prepackaged Software
UAL,United Airlines Holdings Inc. Common Stock,$46.82,-0.18,-0.383%,15394576639.00,United States,,4774681,Consumer Discretionary,Air Freight/Delivery Services
UBER,Uber Technologies Inc. Common Stock,$71.25,0.19,0.267%,148878329070.00,United States,2019,7231051,Consumer Discretionary,Business Services
UDR,UDR Inc. Common Stock,$40.82,-0.05,-0.122%,13442297371.00,United States,,1802143,Real Estate,Real Estate Investment Trusts
UHAL,U-Haul Holding Company Common Stock,$61.89,-0.33,-0.53%,12135259993.00,United States,2022,64579,Consumer Discretionary,Rental/Leasing Companies
UHS,Universal Health Services Inc. Common Stock,$180.63,-0.30,-0.166%,12089422841.00,United States,,939334,Health Care,Hospital/Nursing Management
ULTA,Ulta Beauty Inc. Common Stock,$395.82,5.82,1.492%,18887091594.00,United States,2007,912291,Consumer Discretionary,Other Specialty Stores
UNH,UnitedHealth Group Incorporated Common Stock (DE),$489.34,1.33,0.273%,450381232601.00,United States,,3450841,Health Care,Medical Specialities
UNP,Union Pacific Corporation Common Stock,$223.39,-1.78,-0.791%,136295180834.00,United States,,1781645,Industrials,Railroads
UPS,United Parcel Service Inc. Common Stock,$135.53,-0.82,-0.601%,115953904087.00,United States,1999,2773687,Industrials,Trucking Freight/Courier Services
URI,United Rentals Inc. Common Stock,$637.42,3.47,0.547%,42445750631.00,United States,1997,546895,Consumer Discretionary,Diversified Commercial Services
USB,U.S. Bancorp Common Stock,$39.46,0.42,1.076%,61575748167.00,United States,,5295023,Finance,Major Banks
USFD,US Foods Holding Corp. Common Stock,$51.62,-0.41,-0.788%,12691654127.00,United States,2016,1087792,Consumer Discretionary,Food Distributors
UTHR,United Therapeutics Corporation Common Stock,$316.89,2.33,0.741%,14055875872.00,United States,1999,351724,Health Care,Biotechnology: Pharmaceutical Preparations
UWMC,UWM Holdings Corporation Class A Common Stock,$6.62,-0.16,-2.36%,10576428218.00,United States,,1056197,Finance,Finance: Consumer Services
V,Visa Inc.,$266.40,-3.96,-1.465%,487229225191.00,United States,,8561140,Consumer Discretionary,Business Services
VEEV,Veeva Systems Inc. Class A Common Stock,$182.89,-0.57,-0.311%,29564481791.00,United States,2013,788249,Technology,Computer Software: Prepackaged Software
VICI,VICI Properties Inc. Common Stock,$27.83,0.08,0.288%,29031743678.00,United States,2018,3899434,Real Estate,Real Estate Investment Trusts
VLO,Valero Energy Corporation Common Stock,$147.96,-4.82,-3.155%,48382384829.00,United States,,2493849,Energy,Integrated oil Companies
VLTO,Veralto Corp Common Stock ,$95.90,0.30,0.314%,23672604955.00,United States,2023,1204833,Industrials,Electrical Products
VLYPO,Valley National Bancorp 5.50% Fixed-to-Floating Rate Non-Cumulative Perpetual Preferred Stock Series B,$23.47,-0.0367,-0.156%,11950519894.00,United States,,5858,Finance,Major Banks
VLYPP,Valley National Bancorp 6.25% Fixed-to-Floating Rate Non-Cumulative Perpetual Preferred Stock Series A,$21.89,-0.07,-0.319%,11146011098.00,United States,,16250,Finance,Major Banks
VMC,Vulcan Materials Company (Holding Company) Common Stock,$241.97,-2.24,-0.917%,32001080078.00,United States,,735029,Industrials,Mining & Quarrying of Nonmetallic Minerals (No Fuels)
VRSK,Verisk Analytics Inc. Common Stock,$273.20,-1.25,-0.455%,38978874748.00,United States,2009,572011,Technology,EDP Services
VRSN,VeriSign Inc. Common Stock,$175.84,-0.96,-0.543%,17513664000.00,United States,1998,437416,Technology,EDP Services
VRT,Vertiv Holdings LLC Class A Common Stock,$92.33,0.55,0.599%,34563272650.00,United States,2018,4309213,Technology,Industrial Machinery/Components
VRTX,Vertex Pharmaceuticals Incorporated Common Stock,$481.89,7.32,1.542%,124353346661.00,United States,1991,774585,Health Care,Biotechnology: Pharmaceutical Preparations
VST,Vistra Corp. Common Stock,$92.88,3.52,3.939%,32272084893.00,United States,,4437924,Utilities,Electric Utilities: Central
VTR,Ventas Inc. Common Stock,$51.88,-0.57,-1.087%,20999662565.00,United States,,1299849,Real Estate,Real Estate Investment Trusts
VTRS,Viatris Inc. Common Stock,$10.61,0.29,2.81%,12633070440.00,United States,,11063647,Health Care,Biotechnology: Pharmaceutical Preparations
VZ,Verizon Communications Inc. Common Stock,$41.53,0.26,0.63%,174810355748.00,United States,,15380386,Telecommunications,Telecommunications Equipment
WAB,Westinghouse Air Brake Technologies Corporation Common Stock,$156.72,0.22,0.141%,27643048110.00,United States,,975590,Industrials,Railroads
WAT,Waters Corporation Common Stock,$285.57,-0.64,-0.224%,16939926443.00,United States,1995,411874,Industrials,Biotechnology: Laboratory Analytical Instruments
WBD,Warner Bros. Discovery Inc. Series A Common Stock ,$7.11,-0.10,-1.387%,17421728260.00,United States,,18507388,Telecommunications,Cable & Other Pay Television Services
WDAY,Workday Inc. Class A Common Stock,$226.54,-2.59,-1.13%,60033100000.00,United States,,1674117,Technology,EDP Services
WDC,Western Digital Corporation Common Stock,$78.50,1.33,1.723%,25632186438.00,United States,,3704855,Technology,Electronic Components
WEC,WEC Energy Group Inc. Common Stock,$78.05,0.20,0.257%,24649952915.00,United States,,1554659,Utilities,Power Generation
WELL,Welltower Inc. Common Stock,$104.42,-2.06,-1.935%,62434409291.00,United States,,3726319,Real Estate,Real Estate Investment Trusts
WES,Western Midstream Partners LP Common Units Representing Limited Partner Interests,$41.44,0.33,0.803%,15767545507.00,United States,2012,695996,Utilities,Natural Gas Distribution
WFC,Wells Fargo & Company Common Stock,$59.01,-0.61,-1.023%,205727469276.00,United States,,12479998,Finance,Major Banks
WING,Wingstop Inc. Common Stock,$406.51,-12.21,-2.916%,11939189757.00,United States,2015,408730,Consumer Discretionary,Restaurants
WLK,Westlake Corporation Common Stock,$142.64,0.64,0.451%,18339220236.00,United States,2004,299402,Industrials,Major Chemicals
WM,Waste Management Inc. Common Stock,$210.62,0.29,0.138%,84476122101.00,United States,,1275531,Utilities,Environmental Services
WMB,Williams Companies Inc. (The) Common Stock,$42.35,-0.13,-0.306%,51614232705.00,United States,,4004493,Utilities,Natural Gas Distribution
WMG,Warner Music Group Corp. Class A Common Stock,$30.52,0.19,0.626%,15806720020.00,United States,2020,1317980,Consumer Discretionary,Services-Misc. Amusement & Recreation
WMS,Advanced Drainage Systems Inc. Common Stock,$153.90,0.66,0.431%,11915902184.00,United States,2014,448851,Consumer Discretionary,Containers/Packaging
WMT,Walmart Inc. Common Stock,$69.68,-0.36,-0.514%,560474099234.00,United States,,12077679,Consumer Discretionary,Department/Specialty Retail Stores
WPC,W. P. Carey Inc. REIT,$55.22,0.18,0.327%,12083500376.00,United States,,877299,Real Estate,Real Estate Investment Trusts
WRB,W.R. Berkley Corporation Common Stock,$79.62,0.98,1.246%,20355830495.00,United States,,798848,Finance,Property-Casualty Insurers
WSM,Williams-Sonoma Inc. Common Stock (DE),$285.18,5.26,1.879%,18339379110.00,United States,,795473,Consumer Discretionary,Home Furnishings
WSO,Watsco Inc. Common Stock,$481.82,0.48,0.10%,19417352745.00,United States,,201113,Consumer Discretionary,Industrial Machinery/Components
WST,West Pharmaceutical Services Inc. Common Stock,$319.98,-2.58,-0.80%,23308353377.00,United States,,390906,Health Care,Medical/Dental Instruments
WTRG,Essential Utilities Inc. Common Stock,$37.18,-0.31,-0.827%,10169604957.00,United States,,791967,Utilities,Water Supply
WWD,Woodward Inc. Common Stock,$172.84,0.74,0.43%,10529386010.00,United States,,287569,Energy,Industrial Machinery/Components
WY,Weyerhaeuser Company Common Stock,$27.59,0.14,0.51%,20113579030.00,United States,,4055457,Real Estate,Real Estate Investment Trusts
XEL,Xcel Energy Inc. Common Stock,$52.11,-0.58,-1.101%,28954371166.00,United States,,2244958,Utilities,Power Generation
XOM,Exxon Mobil Corporation Common Stock,$112.18,-1.19,-1.05%,442326510228.00,United States,,13350549,Energy,Integrated oil Companies
XPO,XPO Inc. Common Stock,$103.91,-2.65,-2.487%,12087904541.00,United States,,1466660,Consumer Discretionary,Transportation Services
XYL,Xylem Inc. Common Stock New,$134.06,-0.20,-0.149%,32502480078.00,United States,2011,746780,Industrials,Fluid Controls
YUM,Yum! Brands Inc.,$127.94,-1.18,-0.914%,36032025203.00,United States,,1846267,Consumer Discretionary,Restaurants
YUMC,Yum China Holdings Inc. Common Stock,$30.45,-0.60,-1.932%,11872506765.00,United States,2016,2178790,Consumer Discretionary,Restaurants
Z,Zillow Group Inc. Class C Capital Stock,$46.86,0.63,1.363%,11067682052.00,United States,,2985018,Consumer Discretionary,Business Services
ZBH,Zimmer Biomet Holdings Inc. Common Stock,$106.39,-1.62,-1.50%,21887444263.00,United States,,1651108,Health Care,Industrial Specialties
ZBRA,Zebra Technologies Corporation Class A Common Stock,$314.48,3.97,1.279%,16170373855.00,United States,1991,209172,Industrials,Industrial Machinery/Components
ZG,Zillow Group Inc. Class A Common Stock,$45.31,0.66,1.478%,10701593550.00,United States,2011,540265,Consumer Discretionary,Business Services
ZM,Zoom Video Communications Inc. Class A Common Stock,$57.40,-0.86,-1.476%,17752501637.00,United States,2019,2882495,Technology,Computer Software: Programming Data Processing
ZS,Zscaler Inc. Common Stock,$201.63,-0.02,-0.01%,30476190412.00,United States,2018,1912133,Technology,EDP Services
ZTS,Zoetis Inc. Class A Common Stock,$175.43,0.47,0.269%,80047855884.00,United States,2013,1704738,Health Care,Biotechnology: Pharmaceutical Preparations